customer_id,age,gender,city,employment_type,annual_income,account_balance,credit_score,txn_date,txn_type,txn_channel,merchant_category,txn_amount,is_weekend,account_active
1168,36,Female,Chennai,Student,1258824,121615,759,2024-02-01,Debit,NEFT,Entertainment,216,0,1
1214,50,Male,Bangalore,Self-employed,668484,162147,592,2024-02-25,Credit,Card,Shopping,2548,1,0
1218,51,Female,Mumbai,Self-employed,982553,168052,610,2024-02-04,Debit,UPI,EMI,360,1,0
1213,41,Female,Bangalore,Self-employed,308345,169666,716,2024-05-10,Credit,NEFT,Shopping,18282,0,1
1081,40,Female,Pune,Salaried,377117,84498,701,2024-05-30,Debit,UPI,Bills,2954,0,1
1187,34,Male,Hyderabad,Salaried,809783,235287,773,2024-03-06,Debit,UPI,EMI,16619,0,1
1270,41,Female,Bangalore,Salaried,1165010,174059,746,2024-01-19,Debit,Card,EMI,2044,0,1
1039,41,Male,Hyderabad,Salaried,734247,23284,647,2024-05-29,Credit,UPI,Shopping,19187,0,1
1116,38,Female,Hyderabad,Student,637202,260607,792,2024-06-12,Debit,UPI,Entertainment,5509,0,1
1154,39,Female,Mumbai,Student,922839,45026,656,2024-03-13,Debit,Card,Bills,16752,0,1
1113,34,Female,Pune,Self-employed,1341629,26007,738,2024-05-22,Credit,UPI,Bills,8304,0,1
1044,33,Female,Delhi,Student,576271,87279,736,2024-03-25,Credit,UPI,Bills,5550,0,1
1046,24,Female,Delhi,Student,1331715,298613,752,2024-04-14,Credit,UPI,EMI,10151,1,1
1107,39,Male,Chennai,Student,793588,233771,698,2024-04-09,Credit,ATM,EMI,4421,0,1
1261,27,Male,Pune,Student,449700,235464,586,2024-04-25,Debit,NEFT,Shopping,5851,0,1
1260,27,Male,Mumbai,Student,771703,120824,675,2024-02-10,Debit,Card,EMI,2882,1,0
1235,35,Male,Chennai,Self-employed,1155383,189838,675,2024-06-06,Credit,UPI,Shopping,13192,0,1
1061,25,Male,Bangalore,Student,1001443,134240,778,2024-04-27,Credit,Card,Food,11553,1,1
1241,31,Female,Pune,Self-employed,715994,266620,683,2024-01-09,Credit,UPI,Entertainment,9205,0,1
1266,43,Female,Pune,Student,427512,177494,634,2024-01-26,Debit,Card,Shopping,18318,0,0
1193,39,Female,Hyderabad,Student,981534,47656,656,2024-04-15,Credit,UPI,Entertainment,8536,0,0
1081,44,Male,Chennai,Student,573163,290569,673,2024-01-23,Credit,ATM,EMI,15660,0,0
1227,49,Female,Hyderabad,Student,691359,102342,773,2024-02-06,Credit,Card,Bills,5803,0,0
1290,22,Female,Bangalore,Salaried,1254786,191142,739,2024-06-17,Debit,UPI,EMI,15051,0,1
1188,45,Female,Bangalore,Student,1278083,55563,761,2024-04-16,Credit,UPI,Shopping,4166,0,1
1216,32,Male,Bangalore,Salaried,630688,278540,726,2024-02-08,Debit,UPI,Entertainment,7427,0,0
1074,51,Male,Chennai,Self-employed,318435,263085,734,2024-01-12,Credit,Card,EMI,9878,0,1
1213,42,Female,Delhi,Self-employed,1499442,228922,787,2024-01-19,Debit,NEFT,EMI,15526,0,1
1077,39,Female,Delhi,Self-employed,341182,12325,661,2024-02-04,Debit,Card,Food,15003,1,1
1049,22,Male,Hyderabad,Self-employed,1091542,15458,728,2024-01-17,Credit,ATM,Food,17378,0,0
1151,25,Female,Bangalore,Salaried,1106242,234135,670,2024-01-16,Credit,ATM,Bills,15091,0,1
1264,33,Male,Bangalore,Student,443098,109664,554,2024-03-04,Debit,NEFT,Food,18625,0,1
1031,55,Male,Chennai,Salaried,1277890,297665,649,2024-02-05,Debit,UPI,Entertainment,12150,0,1
1038,38,Male,Pune,Salaried,1474647,66509,576,2024-05-28,Debit,Card,Travel,2969,0,1
1012,49,Male,Delhi,Self-employed,387229,88665,727,2024-02-05,Debit,ATM,EMI,3455,0,1
1207,48,Female,Bangalore,Student,440236,103570,725,2024-02-21,Debit,ATM,Entertainment,9139,0,1
1277,38,Female,Mumbai,Self-employed,959067,138916,756,2024-01-28,Debit,NEFT,Bills,13059,1,1
1126,38,Male,Delhi,Self-employed,1322824,77205,657,2024-01-09,Debit,UPI,Entertainment,11842,0,1
1290,35,Female,Mumbai,Self-employed,900927,199496,712,2024-03-30,Credit,Card,Bills,13986,1,1
1005,53,Female,Delhi,Salaried,1315126,38065,612,2024-03-28,Credit,ATM,EMI,18951,0,1
1241,39,Female,Mumbai,Salaried,894177,147718,573,2024-04-30,Credit,ATM,Shopping,1524,0,1
1216,48,Female,Bangalore,Self-employed,899747,82381,731,2024-03-03,Credit,ATM,Shopping,2265,1,1
1217,32,Female,Delhi,Self-employed,665663,173437,588,2024-03-30,Debit,UPI,Shopping,15642,1,1
1221,36,Female,Pune,Student,786236,188573,630,2024-05-12,Credit,NEFT,Bills,10924,1,1
1147,43,Male,Mumbai,Self-employed,951791,112910,770,2024-06-29,Debit,NEFT,Shopping,4379,1,0
1280,21,Female,Chennai,Salaried,569112,143114,723,2024-04-02,Credit,Card,EMI,14595,0,1
1004,40,Female,Chennai,Self-employed,1417327,202377,772,2024-05-02,Credit,ATM,Travel,6507,0,1
1115,38,Female,Mumbai,Self-employed,455571,12989,574,2024-02-25,Credit,UPI,Bills,10731,1,1
1105,45,Male,Bangalore,Salaried,1273994,60740,619,2024-02-02,Credit,ATM,Shopping,620,0,1
1173,41,Female,Mumbai,Student,1077638,131144,578,2024-05-26,Credit,NEFT,Shopping,263,1,1
1154,27,Female,Hyderabad,Student,1254397,141780,653,2024-02-19,Debit,ATM,Bills,8292,0,0
1183,26,Male,Hyderabad,Self-employed,1317911,17516,717,2024-02-24,Credit,NEFT,Entertainment,19838,1,1
1110,36,Male,Chennai,Self-employed,582741,241274,574,2024-01-03,Credit,NEFT,Food,13022,0,1
1227,36,Female,Delhi,Student,395069,91723,761,2024-01-12,Credit,NEFT,Bills,8632,0,0
1248,46,Male,Hyderabad,Self-employed,1237831,122802,751,2024-01-13,Debit,NEFT,EMI,15488,1,0
1253,22,Male,Pune,Self-employed,351176,239737,713,2024-04-13,Debit,NEFT,Bills,16031,1,1
1027,53,Male,Mumbai,Student,313888,51339,790,2024-06-07,Debit,ATM,Entertainment,12195,0,1
1173,22,Female,Chennai,Student,342513,71620,669,2024-01-24,Debit,UPI,Travel,19789,0,1
1245,34,Female,Delhi,Salaried,717776,236065,623,2024-06-11,Credit,ATM,EMI,1910,0,1
1135,42,Female,Hyderabad,Salaried,1213245,223705,800,2024-04-02,Credit,UPI,Entertainment,19617,0,1
1246,27,Female,Mumbai,Student,981989,146748,716,2024-05-31,Debit,Card,EMI,541,0,1
1034,23,Male,Mumbai,Salaried,478661,177733,587,2024-03-19,Debit,ATM,Entertainment,9005,0,1
1158,36,Male,Chennai,Salaried,1459114,17794,615,2024-03-08,Credit,Card,Food,6236,0,1
1281,51,Female,Chennai,Salaried,700569,6654,595,2024-04-02,Debit,UPI,Travel,11556,0,0
1008,36,Male,Bangalore,Salaried,832356,230163,670,2024-06-14,Credit,ATM,Entertainment,18517,0,0
1211,37,Female,Bangalore,Self-employed,432559,108407,787,2024-05-05,Debit,UPI,Food,6985,1,1
1227,32,Male,Pune,Salaried,383693,142642,638,2024-01-16,Debit,UPI,Food,4235,0,1
1253,25,Male,Pune,Student,560648,204222,590,2024-06-12,Credit,Card,Travel,11113,0,1
1179,29,Female,Mumbai,Salaried,1095135,58784,712,2024-02-17,Credit,UPI,Shopping,702,1,1
1290,32,Male,Hyderabad,Salaried,336016,53243,714,2024-05-29,Debit,Card,Travel,16078,0,1
1248,31,Male,Mumbai,Self-employed,479414,291643,660,2024-01-12,Debit,UPI,Bills,15053,0,1
1278,32,Male,Bangalore,Salaried,728860,259904,746,2024-04-23,Credit,ATM,Shopping,574,0,1
1094,50,Male,Pune,Student,901796,166029,729,2024-05-11,Credit,UPI,EMI,10964,1,1
1085,54,Male,Pune,Self-employed,712436,154093,637,2024-02-12,Debit,NEFT,Entertainment,7784,0,0
1175,32,Female,Bangalore,Self-employed,1440889,127122,581,2024-02-13,Credit,ATM,Food,13095,0,1
1215,32,Male,Pune,Student,564899,85430,725,2024-05-30,Debit,UPI,Entertainment,16480,0,0
1156,31,Female,Mumbai,Salaried,1400566,163727,569,2024-02-09,Debit,NEFT,Entertainment,13386,0,1
1250,32,Female,Pune,Student,421384,24732,699,2024-03-01,Debit,NEFT,Travel,2939,0,1
1196,43,Male,Bangalore,Salaried,1282826,248522,565,2024-02-05,Debit,ATM,Bills,13831,0,0
1239,54,Male,Hyderabad,Student,1157970,265226,752,2024-06-24,Credit,ATM,EMI,4907,0,1
1065,48,Female,Chennai,Salaried,801696,258682,740,2024-03-22,Credit,NEFT,Food,2465,0,1
1137,40,Female,Chennai,Self-employed,1002760,10043,762,2024-06-11,Credit,NEFT,Shopping,10894,0,1
1083,40,Male,Mumbai,Self-employed,1441950,71057,774,2024-03-17,Debit,Card,Entertainment,5080,1,1
1173,23,Female,Delhi,Salaried,540347,280864,584,2024-05-23,Debit,Card,Entertainment,13974,0,1
1038,28,Male,Hyderabad,Self-employed,641471,213329,742,2024-05-30,Debit,NEFT,Shopping,9450,0,1
1042,49,Male,Hyderabad,Salaried,632341,277709,596,2024-02-23,Debit,UPI,Travel,12464,0,0
1201,42,Female,Bangalore,Student,1092337,121482,665,2024-01-05,Debit,Card,Entertainment,7649,0,0
1217,37,Female,Mumbai,Self-employed,658058,76273,647,2024-04-21,Credit,UPI,Entertainment,996,1,0
1200,31,Female,Pune,Salaried,1039154,294158,739,2024-03-18,Debit,NEFT,EMI,1182,0,1
1161,46,Male,Delhi,Student,1128839,166013,673,2024-04-20,Debit,NEFT,Travel,18987,1,1
1020,21,Female,Delhi,Salaried,953990,29104,584,2024-01-08,Debit,ATM,Travel,7771,0,1
1150,41,Female,Chennai,Salaried,368582,149507,764,2024-06-08,Credit,Card,Travel,17352,1,1
1275,35,Male,Chennai,Student,1125688,26200,722,2024-04-18,Credit,Card,Shopping,12521,0,1
1146,36,Female,Chennai,Student,1439646,33544,659,2024-04-15,Credit,ATM,EMI,12820,0,0
1051,38,Female,Chennai,Salaried,418989,272856,738,2024-05-21,Debit,ATM,EMI,964,0,1
1228,44,Male,Pune,Student,448300,145268,710,2024-01-29,Debit,UPI,Travel,19580,0,1
1207,21,Male,Delhi,Salaried,1016002,106202,686,2024-05-05,Credit,UPI,Shopping,3836,1,1
1087,26,Male,Hyderabad,Self-employed,1279134,296619,738,2024-06-24,Debit,NEFT,Food,7772,0,1
1207,50,Male,Mumbai,Student,1260787,251533,753,2024-03-15,Debit,UPI,EMI,14365,0,1
1044,25,Male,Hyderabad,Salaried,1308641,97576,658,2024-01-13,Credit,NEFT,Bills,3508,1,1
1064,37,Male,Pune,Salaried,799591,259805,739,2024-03-19,Credit,NEFT,Food,1601,0,1
1245,45,Female,Bangalore,Salaried,476456,62420,724,2024-05-19,Debit,ATM,Entertainment,14547,1,0
1196,45,Female,Hyderabad,Salaried,1086506,75514,593,2024-03-19,Credit,Card,Entertainment,6935,0,1
1206,50,Male,Hyderabad,Salaried,1182840,206395,568,2024-01-22,Credit,ATM,Shopping,12395,0,1
1293,31,Male,Chennai,Student,1226857,71633,679,2024-01-25,Debit,NEFT,EMI,682,0,1
1059,21,Male,Pune,Salaried,1003956,142166,673,2024-01-29,Debit,NEFT,Travel,13531,0,1
1075,41,Male,Mumbai,Student,1246304,282215,749,2024-02-22,Credit,NEFT,Food,12568,0,1
1234,43,Female,Chennai,Student,831745,269768,686,2024-02-07,Debit,ATM,Entertainment,14499,0,1
1130,26,Female,Pune,Student,1386407,34798,766,2024-02-13,Debit,UPI,EMI,6393,0,1
1154,35,Female,Hyderabad,Self-employed,411981,266239,732,2024-06-18,Debit,NEFT,Food,576,0,1
1126,27,Female,Bangalore,Salaried,1472466,25227,743,2024-04-26,Debit,Card,Entertainment,14331,0,1
1174,44,Male,Delhi,Salaried,914151,174966,590,2024-05-09,Credit,ATM,Shopping,13353,0,1
1116,43,Male,Delhi,Student,1159263,88798,626,2024-06-11,Debit,UPI,Bills,17277,0,0
1005,33,Male,Chennai,Student,399233,285267,685,2024-04-10,Debit,ATM,Entertainment,18055,0,1
1067,37,Male,Chennai,Student,1435252,120331,764,2024-02-29,Debit,NEFT,EMI,6427,0,1
1131,21,Female,Pune,Student,547221,73657,567,2024-04-19,Credit,NEFT,Bills,11742,0,0
1010,26,Female,Chennai,Self-employed,1106290,247159,781,2024-06-26,Credit,UPI,EMI,12815,0,0
1148,38,Male,Pune,Student,627517,202529,589,2024-02-12,Debit,ATM,EMI,4160,0,1
1011,33,Female,Delhi,Student,1448573,189852,644,2024-04-26,Debit,UPI,Entertainment,6408,0,1
1175,55,Male,Mumbai,Student,904884,231034,697,2024-03-04,Debit,ATM,Food,15969,0,1
1015,36,Female,Delhi,Salaried,1076251,266731,657,2024-02-29,Debit,ATM,Shopping,475,0,1
1037,29,Male,Bangalore,Self-employed,1020278,103838,567,2024-03-24,Debit,UPI,Food,4982,1,1
1185,34,Female,Mumbai,Salaried,1046719,292974,610,2024-03-13,Credit,UPI,Shopping,4004,0,1
1079,47,Male,Chennai,Student,1350450,130956,745,2024-05-28,Debit,NEFT,Travel,391,0,0
1037,38,Female,Hyderabad,Student,1492724,289486,670,2024-02-11,Debit,NEFT,Bills,8197,1,1
1021,39,Female,Delhi,Salaried,775720,24512,604,2024-06-28,Credit,ATM,Food,5122,0,0
1094,43,Male,Pune,Salaried,355647,101589,607,2024-03-13,Credit,Card,EMI,10351,0,1
1034,23,Female,Bangalore,Student,744473,253061,761,2024-01-05,Debit,Card,Entertainment,7755,0,0
1100,26,Female,Delhi,Salaried,967098,191381,756,2024-06-16,Credit,NEFT,Bills,2306,1,1
1184,22,Male,Delhi,Self-employed,958779,292146,575,2024-06-10,Credit,NEFT,Shopping,5444,0,1
1023,46,Female,Delhi,Self-employed,374967,174463,556,2024-06-09,Credit,UPI,Travel,15786,1,1
1015,26,Female,Hyderabad,Student,544991,151504,621,2024-05-27,Credit,UPI,Travel,16520,0,0
1033,40,Male,Delhi,Self-employed,1455422,229029,587,2024-03-27,Credit,ATM,Food,16251,0,1
1258,40,Male,Hyderabad,Salaried,1329122,39570,630,2024-06-04,Credit,UPI,EMI,8295,0,1
1032,41,Female,Chennai,Salaried,1220711,236009,625,2024-04-24,Debit,UPI,Shopping,215,0,0
1082,38,Female,Pune,Salaried,1157589,71535,688,2024-06-19,Credit,ATM,Entertainment,6432,0,0
1144,25,Male,Pune,Salaried,976748,209616,730,2024-06-03,Credit,ATM,Food,13786,0,0
1024,29,Male,Bangalore,Salaried,984075,281444,596,2024-04-01,Debit,Card,Entertainment,16952,0,0
1080,38,Male,Hyderabad,Salaried,1128431,137239,716,2024-05-18,Debit,NEFT,Shopping,7369,1,1
1097,37,Male,Pune,Salaried,1133221,230542,611,2024-04-23,Debit,NEFT,Shopping,11572,0,1
1033,31,Female,Hyderabad,Self-employed,583688,212310,744,2024-03-05,Debit,Card,Travel,19794,0,1
1129,41,Female,Pune,Student,857982,153672,704,2024-04-06,Debit,UPI,Bills,7089,1,1
1295,49,Male,Hyderabad,Salaried,310877,117953,643,2024-03-28,Debit,Card,Shopping,8772,0,1
1220,47,Female,Bangalore,Self-employed,609004,261324,769,2024-02-11,Debit,UPI,Bills,13829,1,1
1250,27,Female,Chennai,Salaried,983481,17217,782,2024-04-24,Debit,UPI,Shopping,4777,0,1
1003,41,Female,Delhi,Salaried,567581,221870,760,2024-06-03,Debit,NEFT,EMI,14698,0,1
1289,23,Female,Delhi,Student,487050,57412,740,2024-02-19,Debit,NEFT,Entertainment,16586,0,1
1284,42,Female,Bangalore,Salaried,1082211,259191,639,2024-02-23,Credit,ATM,Entertainment,3375,0,0
1009,40,Female,Chennai,Self-employed,465904,279517,551,2024-06-06,Credit,Card,EMI,5168,0,1
1072,49,Female,Hyderabad,Student,952447,174367,592,2024-06-05,Credit,UPI,Travel,13803,0,1
1248,22,Male,Chennai,Salaried,1401161,32436,717,2024-06-08,Credit,UPI,Entertainment,17209,1,1
1290,51,Female,Chennai,Self-employed,429054,214485,713,2024-01-06,Debit,ATM,EMI,7239,1,1
1046,26,Female,Chennai,Salaried,608914,154477,689,2024-02-23,Credit,ATM,Bills,19754,0,1
1117,43,Female,Delhi,Salaried,675054,91766,708,2024-03-11,Credit,ATM,Entertainment,8203,0,0
1069,44,Female,Pune,Student,1435536,121111,616,2024-04-22,Debit,UPI,Travel,9550,0,0
1050,40,Female,Bangalore,Student,690422,294696,749,2024-06-15,Credit,NEFT,Entertainment,853,1,1
1282,35,Male,Hyderabad,Student,845905,267321,687,2024-04-27,Credit,ATM,Shopping,1838,1,1
1024,42,Male,Mumbai,Student,501913,99656,756,2024-05-26,Debit,Card,Bills,2678,1,1
1081,53,Male,Bangalore,Student,808838,90006,776,2024-03-25,Debit,ATM,Shopping,9378,0,1
1267,23,Female,Pune,Student,1312554,104890,641,2024-01-16,Debit,ATM,Travel,4086,0,0
1213,28,Male,Chennai,Self-employed,1263874,261910,780,2024-06-03,Credit,Card,EMI,11974,0,0
1116,55,Female,Bangalore,Salaried,669399,246865,703,2024-01-11,Credit,NEFT,Entertainment,281,0,0
1177,46,Female,Hyderabad,Salaried,1434444,242867,741,2024-02-14,Credit,NEFT,Food,2556,0,1
1036,37,Male,Bangalore,Self-employed,482092,29441,759,2024-04-01,Credit,Card,Entertainment,7750,0,1
1031,28,Male,Chennai,Self-employed,871788,233031,675,2024-03-10,Credit,Card,Entertainment,9475,1,1
1281,37,Male,Delhi,Salaried,1150055,178199,701,2024-01-04,Debit,Card,Bills,11130,0,1
1196,49,Male,Chennai,Student,1122958,181746,741,2024-03-05,Debit,NEFT,Bills,15030,0,1
1092,55,Male,Chennai,Self-employed,1119704,192059,799,2024-02-04,Credit,ATM,Bills,16950,1,1
1122,22,Female,Delhi,Student,1251591,142798,691,2024-02-06,Credit,UPI,Shopping,13100,0,1
1040,47,Male,Pune,Self-employed,446348,226448,711,2024-01-20,Credit,UPI,Entertainment,12772,1,0
1268,32,Male,Mumbai,Self-employed,513292,250216,759,2024-05-02,Debit,ATM,Food,18128,0,0
1289,40,Male,Chennai,Student,999246,217684,696,2024-02-06,Credit,Card,Entertainment,1943,0,1
1030,35,Female,Bangalore,Student,952134,223381,734,2024-03-29,Credit,Card,Travel,1710,0,1
1059,55,Female,Bangalore,Salaried,1139578,44476,772,2024-04-20,Credit,Card,Bills,5421,1,1
1231,50,Male,Pune,Student,624079,67751,665,2024-03-23,Debit,NEFT,EMI,11403,1,1
1067,33,Male,Delhi,Student,900792,175079,599,2024-02-01,Debit,Card,Bills,15687,0,0
1114,42,Male,Delhi,Salaried,325072,39626,736,2024-05-06,Debit,UPI,Food,9817,0,1
1082,37,Female,Mumbai,Salaried,383608,81361,592,2024-01-18,Debit,ATM,Shopping,1306,0,1
1156,54,Male,Bangalore,Salaried,1059051,202894,694,2024-05-24,Debit,Card,Travel,16976,0,1
1039,41,Male,Hyderabad,Salaried,1224677,135023,763,2024-02-07,Credit,NEFT,Shopping,18017,0,1
1278,44,Male,Bangalore,Salaried,520631,7436,618,2024-03-04,Debit,ATM,Travel,7834,0,1
1035,52,Female,Hyderabad,Self-employed,1456440,90692,568,2024-03-29,Credit,UPI,EMI,15771,0,0
1297,47,Male,Chennai,Salaried,1178223,246386,726,2024-05-25,Debit,Card,Food,4141,1,1
1191,25,Male,Bangalore,Salaried,1405707,73667,655,2024-04-08,Credit,Card,EMI,3932,0,1
1184,45,Male,Mumbai,Self-employed,460509,6359,767,2024-04-14,Debit,UPI,Travel,4308,1,0
1191,42,Female,Mumbai,Salaried,1304148,275372,596,2024-06-24,Debit,UPI,EMI,14888,0,1
1234,53,Male,Pune,Salaried,859259,46725,578,2024-05-08,Debit,UPI,EMI,4052,0,1
1295,46,Male,Delhi,Self-employed,632743,39359,637,2024-05-13,Credit,ATM,Shopping,769,0,1
1137,29,Male,Chennai,Salaried,1463069,11067,751,2024-04-14,Debit,ATM,Shopping,7557,1,0
1036,29,Female,Bangalore,Salaried,998350,56171,729,2024-02-03,Credit,UPI,Travel,4661,1,1
1242,42,Female,Hyderabad,Salaried,1218278,216667,708,2024-02-25,Debit,NEFT,Bills,14317,1,1
1066,44,Male,Chennai,Salaried,858167,102831,773,2024-03-11,Credit,UPI,Entertainment,3916,0,1
1230,36,Female,Delhi,Self-employed,1037360,206386,714,2024-03-24,Debit,NEFT,Food,4780,1,1
1276,45,Male,Mumbai,Salaried,473725,206360,748,2024-02-07,Credit,Card,Travel,14362,0,0
1128,45,Female,Bangalore,Salaried,1312833,220277,734,2024-02-05,Credit,ATM,Bills,15201,0,1
1110,26,Male,Delhi,Student,1152537,64504,620,2024-01-13,Credit,ATM,Travel,2760,1,1
1095,45,Male,Bangalore,Self-employed,879608,251445,757,2024-03-29,Debit,ATM,Bills,4131,0,0
1189,43,Male,Mumbai,Self-employed,1076323,219849,620,2024-06-11,Credit,NEFT,Bills,8757,0,1
1005,54,Female,Chennai,Salaried,956166,290228,767,2024-01-20,Debit,NEFT,Entertainment,10201,1,1
1022,30,Male,Hyderabad,Salaried,465693,209064,656,2024-06-13,Credit,UPI,Bills,13411,0,1
1223,51,Male,Bangalore,Self-employed,360230,97219,559,2024-04-26,Debit,UPI,Food,9632,0,1
1262,30,Female,Hyderabad,Student,1038318,173754,735,2024-03-10,Debit,ATM,EMI,12351,1,1
1221,21,Male,Mumbai,Salaried,1416979,42337,779,2024-06-20,Credit,ATM,Food,6407,0,1
1242,21,Female,Mumbai,Student,848376,48719,764,2024-02-29,Credit,NEFT,Entertainment,18007,0,0
1239,21,Female,Hyderabad,Salaried,930168,23422,667,2024-03-22,Debit,Card,Food,18388,0,1
1070,41,Female,Hyderabad,Student,1274351,274821,686,2024-02-11,Credit,NEFT,Travel,586,1,1
1047,53,Male,Pune,Salaried,490341,62770,628,2024-03-23,Debit,Card,EMI,5156,1,1
1012,41,Male,Bangalore,Student,971368,40154,555,2024-05-01,Credit,UPI,Bills,3070,0,1
1293,55,Female,Pune,Salaried,1121046,123041,661,2024-06-11,Credit,NEFT,EMI,6321,0,1
1106,34,Female,Chennai,Salaried,1078833,160835,772,2024-04-04,Credit,NEFT,EMI,7602,0,1
1127,49,Male,Bangalore,Student,471542,262274,798,2024-02-26,Credit,NEFT,EMI,9440,0,1
1123,52,Male,Mumbai,Student,477853,237418,675,2024-05-18,Debit,NEFT,Entertainment,8090,1,1
1135,46,Female,Chennai,Salaried,689818,45186,729,2024-05-02,Debit,NEFT,Entertainment,18978,0,1
1229,31,Female,Hyderabad,Student,423072,111228,584,2024-05-05,Credit,UPI,Bills,10899,1,1
1292,28,Female,Delhi,Self-employed,1421626,91174,627,2024-02-11,Credit,ATM,Travel,1414,1,1
1288,40,Female,Chennai,Self-employed,729816,240579,775,2024-03-16,Credit,ATM,Shopping,15524,1,1
1262,30,Female,Bangalore,Self-employed,1453266,159211,794,2024-06-26,Credit,UPI,EMI,13651,0,1
1140,25,Female,Chennai,Student,1347252,111430,662,2024-03-22,Credit,UPI,Travel,7337,0,1
1276,25,Female,Mumbai,Student,925644,30263,728,2024-03-25,Credit,UPI,Entertainment,11521,0,1
1186,50,Male,Hyderabad,Self-employed,654862,171791,595,2024-04-16,Credit,NEFT,Food,17951,0,1
1211,36,Male,Pune,Self-employed,902054,42801,583,2024-06-20,Debit,ATM,Shopping,9718,0,0
1007,28,Female,Mumbai,Student,1129017,119969,692,2024-03-01,Debit,ATM,Travel,5584,0,0
1107,51,Female,Bangalore,Student,436564,276463,681,2024-06-07,Credit,UPI,Shopping,18696,0,0
1034,53,Female,Mumbai,Student,669704,111641,601,2024-06-13,Credit,Card,Bills,8271,0,1
1098,41,Male,Bangalore,Self-employed,1199924,244657,716,2024-05-31,Credit,Card,Bills,2694,0,1
1107,25,Male,Hyderabad,Student,898670,95341,777,2024-02-20,Debit,ATM,EMI,18866,0,1
1089,47,Male,Chennai,Salaried,743867,96890,737,2024-04-01,Debit,NEFT,Food,17221,0,1
1040,46,Female,Bangalore,Self-employed,1472337,226151,695,2024-06-09,Debit,Card,Entertainment,4597,1,0
1186,39,Female,Chennai,Self-employed,1129722,47872,638,2024-01-22,Debit,UPI,Bills,14753,0,0
1243,48,Female,Pune,Salaried,784341,96190,790,2024-01-12,Credit,ATM,Entertainment,11245,0,1
1300,29,Female,Bangalore,Self-employed,1421364,61657,622,2024-06-02,Debit,Card,Food,4950,1,0
1276,40,Male,Mumbai,Student,382393,34824,614,2024-01-08,Debit,ATM,Travel,13589,0,0
1125,21,Female,Bangalore,Salaried,614740,276464,645,2024-02-11,Debit,NEFT,Entertainment,17431,1,1
1031,32,Female,Hyderabad,Student,978833,32988,670,2024-01-09,Debit,UPI,Entertainment,9842,0,1
1200,36,Female,Pune,Salaried,621538,115750,678,2024-01-03,Credit,UPI,Travel,4731,0,1
1293,39,Female,Hyderabad,Salaried,1181331,251504,597,2024-01-21,Credit,Card,Bills,9690,1,1
1065,25,Male,Mumbai,Student,1442578,224731,771,2024-06-19,Credit,NEFT,Bills,3473,0,0
1169,41,Female,Mumbai,Self-employed,558983,112162,716,2024-02-15,Credit,UPI,Shopping,3979,0,0
1078,53,Male,Mumbai,Self-employed,629174,258282,576,2024-01-08,Debit,ATM,Travel,9923,0,1
1262,22,Female,Bangalore,Student,662350,196168,790,2024-04-03,Debit,NEFT,Entertainment,11705,0,0
1206,51,Male,Hyderabad,Student,996291,11522,618,2024-02-17,Credit,Card,Travel,8324,1,0
1269,30,Female,Delhi,Self-employed,1129335,142357,578,2024-01-06,Credit,UPI,EMI,9660,1,1
1109,52,Female,Delhi,Self-employed,430663,54400,638,2024-05-19,Credit,ATM,Bills,11167,1,1
1086,44,Male,Chennai,Student,622599,209574,762,2024-06-14,Credit,UPI,Travel,15171,0,1
1147,26,Female,Chennai,Student,1353002,223157,554,2024-04-11,Credit,UPI,EMI,4900,0,0
1005,50,Female,Pune,Salaried,1395303,287056,668,2024-05-26,Debit,NEFT,Bills,18940,1,1
1247,36,Female,Mumbai,Salaried,1200626,61595,688,2024-05-03,Debit,Card,Entertainment,2424,0,0
1278,46,Female,Hyderabad,Self-employed,1398900,87206,617,2024-04-23,Credit,NEFT,Shopping,9543,0,1
1107,34,Female,Delhi,Self-employed,769320,246349,688,2024-02-18,Debit,ATM,Travel,2817,1,1
1153,27,Female,Delhi,Self-employed,963383,285633,601,2024-02-12,Debit,UPI,EMI,8882,0,1
1028,53,Female,Chennai,Self-employed,868342,185150,591,2024-06-01,Debit,UPI,Food,4472,1,1
1136,42,Female,Hyderabad,Student,1455439,275820,665,2024-03-02,Credit,ATM,Shopping,13989,1,1
1228,42,Female,Hyderabad,Self-employed,1397130,13595,631,2024-04-04,Debit,UPI,Shopping,12776,0,1
1007,46,Male,Mumbai,Self-employed,1200079,236708,723,2024-04-28,Debit,UPI,EMI,10633,1,1
1223,40,Male,Chennai,Self-employed,348083,17087,603,2024-01-31,Credit,UPI,Food,3556,0,1
1226,39,Female,Chennai,Self-employed,1040687,12082,682,2024-01-03,Debit,Card,Entertainment,14337,0,1
1151,22,Female,Pune,Self-employed,309757,238139,772,2024-01-16,Debit,Card,Bills,5375,0,1
1096,25,Female,Mumbai,Student,542473,104928,581,2024-02-21,Debit,UPI,EMI,11995,0,1
1183,48,Male,Bangalore,Salaried,700557,299100,593,2024-05-10,Credit,NEFT,Food,4437,0,1
1171,31,Female,Bangalore,Student,1205157,244293,577,2024-01-17,Credit,UPI,Bills,14756,0,0
1091,48,Male,Bangalore,Self-employed,1260286,223131,714,2024-05-06,Debit,NEFT,EMI,2421,0,1
1207,40,Female,Chennai,Salaried,1349761,5384,600,2024-03-23,Debit,ATM,Bills,15799,1,1
1118,38,Male,Bangalore,Salaried,447637,153468,715,2024-03-12,Debit,NEFT,Bills,16953,0,0
1002,52,Male,Hyderabad,Self-employed,710060,157112,620,2024-05-22,Credit,ATM,Travel,7482,0,1
1100,50,Female,Delhi,Self-employed,1143658,227091,735,2024-03-18,Debit,NEFT,Entertainment,6094,0,1
1272,39,Male,Delhi,Salaried,644752,81102,688,2024-05-17,Debit,Card,Food,19456,0,1
1205,41,Male,Hyderabad,Student,917543,259094,607,2024-04-15,Debit,UPI,Shopping,272,0,0
1148,41,Male,Pune,Self-employed,414657,132799,593,2024-04-10,Credit,NEFT,Shopping,19785,0,1
1079,31,Female,Hyderabad,Self-employed,667190,176993,742,2024-02-14,Debit,Card,Bills,7418,0,1
1209,39,Male,Bangalore,Salaried,1016555,289188,695,2024-03-31,Credit,ATM,Entertainment,12118,1,1
1282,39,Female,Chennai,Student,1011059,132166,783,2024-01-22,Credit,Card,Shopping,17427,0,1
1154,34,Female,Delhi,Student,836263,150073,552,2024-02-03,Debit,UPI,Shopping,13241,1,0
1088,31,Male,Chennai,Self-employed,361468,76918,647,2024-05-30,Debit,Card,Food,14957,0,1
1001,26,Female,Chennai,Salaried,1066195,227191,558,2024-02-26,Credit,UPI,Food,16277,0,1
1022,30,Male,Bangalore,Student,1475765,165105,792,2024-04-06,Credit,Card,Bills,9892,1,1
1123,55,Male,Hyderabad,Self-employed,569607,183379,652,2024-05-14,Credit,UPI,Bills,5429,0,0
1191,54,Male,Chennai,Student,1367420,269172,611,2024-06-06,Credit,ATM,Entertainment,8472,0,0
1240,51,Male,Mumbai,Salaried,1457655,10604,753,2024-04-15,Credit,NEFT,Travel,10722,0,1
1078,46,Male,Bangalore,Salaried,462418,163801,741,2024-05-02,Debit,Card,Entertainment,19013,0,1
1218,43,Male,Pune,Self-employed,686646,210592,622,2024-03-08,Credit,Card,Shopping,17118,0,0
1189,24,Male,Pune,Salaried,449566,42090,596,2024-02-09,Debit,UPI,Entertainment,14900,0,1
1250,45,Male,Mumbai,Self-employed,836897,62398,604,2024-01-27,Credit,ATM,Entertainment,18864,1,1
1077,42,Male,Bangalore,Student,1335310,19728,738,2024-02-11,Debit,Card,Food,1625,1,1
1072,28,Male,Bangalore,Self-employed,1166490,110042,637,2024-05-13,Credit,ATM,Food,13500,0,1
1259,25,Male,Bangalore,Self-employed,1369980,296900,720,2024-03-18,Credit,UPI,Shopping,15005,0,1
1166,31,Female,Hyderabad,Student,649648,55428,680,2024-04-24,Debit,NEFT,Shopping,17614,0,1
1125,46,Female,Mumbai,Salaried,1487777,73295,671,2024-06-10,Debit,ATM,Food,446,0,1
1192,25,Male,Mumbai,Self-employed,902880,65178,600,2024-04-28,Credit,NEFT,Food,11990,1,1
1001,22,Female,Mumbai,Self-employed,710285,199788,749,2024-06-20,Debit,ATM,Food,9316,0,1
1146,51,Female,Mumbai,Salaried,791625,245231,604,2024-06-17,Credit,UPI,Travel,15345,0,1
1097,32,Female,Hyderabad,Student,860030,44217,644,2024-01-10,Debit,UPI,Food,11127,0,1
1083,49,Female,Chennai,Self-employed,975456,122635,598,2024-05-05,Debit,UPI,Food,9845,1,1
1123,39,Female,Mumbai,Student,981754,56813,658,2024-06-20,Credit,NEFT,Travel,15852,0,1
1039,21,Female,Delhi,Salaried,826541,226142,724,2024-03-01,Debit,ATM,Travel,9799,0,0
1053,23,Male,Pune,Salaried,604027,130611,649,2024-01-26,Credit,UPI,Bills,18069,0,1
1069,52,Male,Mumbai,Student,1067947,226559,683,2024-03-29,Debit,ATM,Travel,13835,0,1
1186,50,Female,Hyderabad,Student,366009,280888,672,2024-05-16,Debit,ATM,Entertainment,3767,0,0
1020,44,Female,Delhi,Student,1496757,99618,736,2024-05-31,Credit,Card,Travel,12467,0,1
1109,46,Male,Delhi,Self-employed,617290,56771,576,2024-04-07,Credit,NEFT,Bills,8842,1,1
1173,42,Female,Mumbai,Student,303753,75258,565,2024-02-21,Credit,ATM,Food,17913,0,0
1102,42,Female,Delhi,Salaried,1096926,104447,576,2024-04-30,Debit,UPI,Food,7422,0,0
1149,26,Male,Pune,Salaried,1174484,204510,769,2024-01-17,Debit,UPI,Food,15913,0,0
1290,52,Female,Hyderabad,Student,640191,5361,608,2024-06-20,Credit,Card,EMI,12007,0,1
1059,49,Female,Mumbai,Student,759602,6067,795,2024-02-28,Credit,NEFT,Entertainment,3486,0,1
1218,36,Male,Pune,Salaried,898665,88885,690,2024-03-30,Debit,Card,EMI,283,1,1
1098,48,Female,Bangalore,Self-employed,1180298,271751,583,2024-01-22,Debit,ATM,Shopping,15613,0,1
1122,36,Female,Delhi,Self-employed,1270215,149175,551,2024-04-19,Credit,ATM,Entertainment,12773,0,1
1239,38,Male,Chennai,Salaried,536100,285541,747,2024-06-01,Debit,NEFT,EMI,15918,1,1
1029,33,Female,Mumbai,Student,1084842,199430,595,2024-03-26,Credit,NEFT,Bills,9732,0,1
1251,50,Female,Bangalore,Student,744239,19505,665,2024-05-02,Debit,NEFT,Shopping,9504,0,1
1235,37,Male,Chennai,Salaried,1254773,190380,593,2024-05-31,Debit,NEFT,Bills,3749,0,1
1137,42,Male,Mumbai,Self-employed,600401,58508,777,2024-01-13,Debit,UPI,Shopping,5300,1,1
1162,50,Female,Hyderabad,Student,928995,220126,600,2024-06-22,Debit,ATM,Food,4733,1,1
1278,39,Female,Bangalore,Student,1008985,281180,554,2024-05-07,Debit,NEFT,Bills,1229,0,1
1253,48,Female,Chennai,Student,1056184,72263,791,2024-05-10,Debit,Card,Entertainment,1198,0,1
1239,54,Male,Delhi,Salaried,860666,166866,694,2024-06-18,Debit,Card,Travel,861,0,1
1074,33,Female,Hyderabad,Self-employed,918585,184401,591,2024-04-27,Credit,NEFT,Bills,12311,1,1
1283,22,Male,Pune,Salaried,302230,190197,796,2024-04-01,Credit,Card,EMI,6908,0,1
1035,35,Female,Pune,Self-employed,1222236,5375,689,2024-02-17,Credit,UPI,Travel,3685,1,0
1023,44,Male,Delhi,Salaried,1136493,86750,615,2024-04-09,Credit,UPI,Entertainment,18354,0,1
1086,21,Female,Pune,Salaried,523640,79419,555,2024-02-17,Credit,ATM,Bills,12053,1,1
1011,29,Female,Mumbai,Self-employed,521677,62632,791,2024-02-13,Debit,Card,Food,3893,0,0
1075,27,Female,Bangalore,Student,527358,174253,769,2024-03-18,Credit,Card,Shopping,5751,0,1
1292,32,Female,Mumbai,Salaried,1189923,90001,666,2024-03-16,Credit,UPI,Entertainment,992,1,1
1007,43,Male,Chennai,Salaried,490608,254790,577,2024-04-10,Credit,UPI,EMI,13362,0,1
1142,25,Male,Pune,Student,1222086,112688,680,2024-04-29,Credit,UPI,Food,14018,0,1
1040,24,Male,Pune,Self-employed,1354813,13400,576,2024-02-10,Debit,UPI,EMI,4878,1,0
1036,50,Male,Mumbai,Salaried,1399646,189591,657,2024-01-03,Credit,ATM,Food,630,0,0
1027,32,Male,Pune,Salaried,445827,15700,709,2024-05-31,Credit,ATM,Food,16287,0,1
1164,46,Female,Chennai,Student,301896,86355,775,2024-04-01,Credit,Card,Travel,13680,0,1
1034,37,Female,Hyderabad,Salaried,1263585,170256,662,2024-01-16,Debit,UPI,Entertainment,6784,0,0
1129,48,Female,Mumbai,Salaried,747969,268697,772,2024-05-29,Debit,ATM,EMI,12503,0,1
1255,45,Female,Bangalore,Student,1458646,292635,648,2024-01-02,Debit,Card,Travel,1841,0,0
1103,39,Male,Pune,Salaried,1389388,214062,749,2024-05-04,Debit,NEFT,Travel,9045,1,1
1162,35,Male,Chennai,Self-employed,835227,222286,720,2024-06-29,Debit,NEFT,Food,9786,1,1
1014,54,Female,Mumbai,Self-employed,664163,80156,735,2024-06-16,Credit,Card,Entertainment,5104,1,0
1124,46,Female,Hyderabad,Self-employed,1336394,38423,634,2024-06-05,Credit,ATM,Entertainment,8053,0,1
1102,26,Male,Chennai,Salaried,563017,125849,615,2024-02-28,Credit,UPI,Bills,5585,0,1
1235,54,Female,Pune,Student,619648,261930,629,2024-06-25,Debit,ATM,Bills,12816,0,0
1007,48,Female,Bangalore,Student,1400924,78239,708,2024-04-19,Credit,NEFT,Food,608,0,1
1042,38,Male,Chennai,Salaried,876368,56868,713,2024-06-08,Debit,Card,Shopping,10799,1,1
1184,22,Female,Hyderabad,Student,1025423,116044,550,2024-04-19,Credit,Card,Food,5155,0,0
1284,51,Male,Chennai,Student,1445243,239700,644,2024-06-14,Credit,Card,Entertainment,2906,0,1
1237,47,Female,Bangalore,Salaried,1403650,27323,782,2024-01-18,Credit,ATM,Entertainment,13519,0,1
1254,35,Female,Chennai,Salaried,749957,38445,556,2024-01-25,Debit,NEFT,Food,8454,0,0
1200,31,Male,Hyderabad,Salaried,1288472,249367,733,2024-01-20,Debit,UPI,Bills,3776,1,0
1147,47,Male,Delhi,Self-employed,1089941,39314,640,2024-03-15,Debit,ATM,Food,15727,0,1
1232,35,Female,Bangalore,Salaried,1441367,194561,699,2024-04-02,Credit,ATM,Bills,3238,0,1
1155,33,Male,Delhi,Student,311991,29319,669,2024-03-06,Debit,ATM,Food,3165,0,1
1276,27,Male,Bangalore,Salaried,1264094,7674,732,2024-04-28,Debit,ATM,Food,9089,1,1
1131,40,Male,Chennai,Salaried,456927,36875,560,2024-03-19,Credit,Card,Shopping,6930,0,1
1151,39,Female,Mumbai,Student,781192,115718,712,2024-05-04,Debit,NEFT,Entertainment,6815,1,1
1123,40,Female,Chennai,Student,1113612,114884,594,2024-04-25,Debit,ATM,EMI,4589,0,0
1109,43,Female,Hyderabad,Salaried,615912,228471,628,2024-01-06,Debit,Card,EMI,10474,1,1
1249,22,Male,Mumbai,Salaried,1103435,232445,574,2024-05-26,Credit,Card,Bills,18668,1,1
1258,48,Female,Delhi,Student,511251,155053,735,2024-04-23,Debit,ATM,Travel,5522,0,1
1089,30,Male,Hyderabad,Student,1060072,236583,650,2024-06-25,Credit,UPI,Food,2479,0,1
1226,37,Male,Mumbai,Salaried,723642,210622,774,2024-06-12,Credit,UPI,Bills,16986,0,1
1249,44,Female,Hyderabad,Salaried,1390965,108212,754,2024-05-20,Debit,Card,Shopping,7270,0,1
1285,43,Female,Delhi,Student,791427,57501,569,2024-03-11,Credit,ATM,EMI,16210,0,1
1208,37,Male,Bangalore,Salaried,675180,45142,609,2024-02-19,Debit,NEFT,Shopping,13392,0,1
1117,41,Female,Hyderabad,Salaried,653511,283381,550,2024-05-23,Credit,UPI,Bills,1431,0,1
1297,38,Female,Bangalore,Salaried,347533,67478,621,2024-01-23,Debit,NEFT,Food,9414,0,1
1023,21,Female,Bangalore,Self-employed,1365209,53407,613,2024-03-11,Debit,ATM,Travel,5247,0,1
1245,47,Male,Chennai,Self-employed,780328,157331,657,2024-01-31,Debit,UPI,Travel,452,0,1
1040,50,Female,Chennai,Salaried,497100,57692,630,2024-02-08,Debit,UPI,EMI,11965,0,1
1249,23,Male,Chennai,Self-employed,1463211,145925,675,2024-05-08,Debit,NEFT,Travel,10359,0,1
1036,40,Female,Pune,Self-employed,530609,251019,736,2024-04-07,Debit,NEFT,Travel,15819,1,1
1291,34,Female,Delhi,Self-employed,326217,87431,652,2024-02-13,Debit,ATM,Food,12810,0,1
1264,33,Female,Bangalore,Self-employed,1441719,131843,787,2024-03-27,Credit,Card,Food,4245,0,1
1267,51,Female,Delhi,Salaried,755470,27983,716,2024-06-20,Debit,ATM,Entertainment,3706,0,1
1192,27,Female,Bangalore,Salaried,660037,17542,790,2024-01-09,Debit,Card,EMI,16246,0,1
1263,28,Female,Chennai,Self-employed,1174903,133520,583,2024-05-18,Credit,NEFT,Food,13453,1,1
1098,45,Male,Mumbai,Self-employed,412553,221427,734,2024-01-03,Credit,ATM,Travel,15525,0,1
1183,34,Male,Mumbai,Student,1118109,85914,639,2024-02-01,Credit,ATM,Food,15904,0,1
1295,50,Female,Bangalore,Student,598415,222900,599,2024-02-18,Credit,ATM,Food,12776,1,1
1116,52,Male,Bangalore,Salaried,307442,157604,782,2024-01-13,Credit,Card,Entertainment,8657,1,1
1210,30,Female,Mumbai,Salaried,1053643,100611,766,2024-04-07,Credit,NEFT,Bills,5994,1,0
1085,45,Male,Mumbai,Self-employed,1229115,79985,600,2024-02-16,Debit,UPI,EMI,2079,0,1
1112,45,Male,Delhi,Salaried,540699,49348,631,2024-05-22,Credit,NEFT,Travel,14857,0,1
1046,55,Male,Hyderabad,Salaried,467419,59771,722,2024-05-24,Debit,Card,Shopping,8543,0,1
1281,39,Female,Mumbai,Self-employed,477429,15374,707,2024-05-29,Credit,ATM,Entertainment,4268,0,0
1219,49,Female,Bangalore,Self-employed,720806,296680,577,2024-02-19,Credit,NEFT,Bills,3073,0,1
1229,55,Male,Mumbai,Salaried,447724,97997,586,2024-03-11,Debit,NEFT,Shopping,15928,0,1
1018,27,Female,Hyderabad,Self-employed,618343,24783,674,2024-06-16,Credit,NEFT,Entertainment,18463,1,1
1045,40,Female,Delhi,Student,515367,239816,575,2024-02-06,Credit,UPI,Bills,6003,0,1
1038,38,Female,Mumbai,Self-employed,1440369,281423,754,2024-03-28,Credit,NEFT,Food,18979,0,1
1285,42,Female,Pune,Student,966670,182410,659,2024-01-05,Debit,UPI,Bills,15862,0,1
1020,31,Male,Mumbai,Self-employed,1101655,41326,677,2024-03-29,Debit,NEFT,Entertainment,2448,0,1
1282,40,Male,Pune,Student,458786,16387,667,2024-03-01,Debit,NEFT,Food,8239,0,1
1101,27,Female,Hyderabad,Salaried,1325580,256250,740,2024-06-07,Debit,UPI,Bills,18876,0,1
1190,49,Male,Pune,Salaried,813501,131408,626,2024-01-02,Credit,ATM,Bills,14499,0,0
1214,24,Female,Hyderabad,Self-employed,395673,144059,642,2024-03-25,Debit,UPI,Travel,10078,0,1
1223,49,Male,Bangalore,Student,1321897,190915,721,2024-05-05,Debit,UPI,Travel,14973,1,1
1041,50,Female,Mumbai,Salaried,757464,144749,761,2024-05-10,Debit,UPI,EMI,12759,0,0
1207,30,Male,Mumbai,Student,363264,119758,758,2024-03-26,Credit,ATM,Entertainment,394,0,1
1047,30,Male,Chennai,Student,401769,43905,616,2024-03-21,Credit,NEFT,EMI,11755,0,1
1018,32,Male,Bangalore,Salaried,1127670,258438,677,2024-02-14,Credit,Card,Bills,6208,0,1
1256,33,Male,Mumbai,Salaried,634911,190411,749,2024-03-28,Credit,NEFT,Travel,12587,0,0
1286,25,Male,Pune,Self-employed,1476693,50706,588,2024-05-08,Debit,NEFT,Travel,8221,0,1
1208,46,Female,Bangalore,Student,1045721,20881,773,2024-02-24,Debit,Card,Entertainment,3521,1,1
1129,24,Male,Mumbai,Self-employed,1270495,252511,681,2024-02-17,Debit,UPI,Travel,15108,1,1
1059,22,Female,Mumbai,Salaried,368365,257307,747,2024-04-06,Credit,Card,Entertainment,4535,1,1
1014,31,Female,Bangalore,Student,1247371,46405,602,2024-03-29,Debit,UPI,Shopping,17533,0,0
1112,36,Male,Mumbai,Self-employed,530869,123214,622,2024-06-09,Credit,NEFT,Travel,14709,1,1
1152,28,Female,Hyderabad,Student,1366257,156240,770,2024-01-12,Debit,NEFT,Food,19567,0,1
1160,50,Male,Delhi,Salaried,835738,225642,768,2024-04-27,Credit,UPI,Travel,17461,1,1
1245,55,Female,Pune,Salaried,1177496,134827,647,2024-03-30,Credit,NEFT,Entertainment,10068,1,1
1171,55,Female,Pune,Self-employed,1204992,276283,603,2024-02-05,Debit,UPI,Shopping,14839,0,0
1082,29,Female,Delhi,Student,820898,248794,575,2024-05-04,Credit,NEFT,Entertainment,19273,1,1
1288,25,Female,Bangalore,Student,1105791,27873,697,2024-04-21,Credit,Card,Shopping,14819,1,1
1236,37,Female,Mumbai,Salaried,1136390,7989,637,2024-03-18,Credit,ATM,Travel,19110,0,1
1192,30,Male,Hyderabad,Self-employed,774664,235701,795,2024-03-07,Debit,UPI,Food,2571,0,1
1076,30,Female,Delhi,Student,911365,286460,552,2024-05-08,Credit,Card,Entertainment,19925,0,1
1163,55,Female,Bangalore,Student,1029547,73963,645,2024-02-19,Debit,Card,Food,11633,0,0
1177,29,Male,Bangalore,Student,462333,10424,704,2024-01-14,Debit,NEFT,Travel,1281,1,1
1215,53,Female,Bangalore,Student,1266745,109247,575,2024-05-02,Debit,UPI,Travel,5548,0,1
1230,28,Female,Bangalore,Self-employed,513464,278442,770,2024-01-30,Credit,ATM,Shopping,19751,0,1
1102,22,Male,Bangalore,Salaried,742786,145775,750,2024-04-18,Debit,UPI,Bills,9996,0,0
1214,26,Female,Hyderabad,Salaried,1068042,152223,736,2024-03-11,Credit,ATM,EMI,13995,0,1
1058,24,Male,Chennai,Student,1221226,51574,613,2024-04-30,Debit,Card,Bills,14286,0,1
1168,40,Male,Chennai,Self-employed,471084,200107,608,2024-02-10,Credit,ATM,Travel,10603,1,1
1112,38,Male,Hyderabad,Self-employed,918574,247494,669,2024-04-18,Debit,ATM,EMI,15017,0,1
1115,28,Male,Bangalore,Student,1146626,148978,682,2024-03-25,Credit,UPI,Shopping,5591,0,0
1273,21,Female,Bangalore,Self-employed,610095,81458,743,2024-01-09,Debit,Card,EMI,6178,0,1
1141,50,Male,Bangalore,Salaried,420118,191771,788,2024-05-13,Debit,Card,Entertainment,18818,0,1
1222,30,Male,Bangalore,Self-employed,429529,54718,769,2024-05-31,Debit,Card,Travel,5645,0,1
1151,41,Male,Delhi,Salaried,1045565,157779,716,2024-01-11,Debit,NEFT,EMI,13795,0,1
1057,45,Male,Bangalore,Self-employed,617284,299945,727,2024-03-29,Debit,Card,Food,11294,0,1
1103,22,Female,Bangalore,Student,943305,59758,663,2024-02-17,Debit,NEFT,EMI,9850,1,0
1082,48,Female,Delhi,Self-employed,474175,83274,791,2024-02-16,Debit,UPI,Travel,2318,0,1
1091,36,Female,Mumbai,Salaried,1307072,112702,745,2024-05-16,Credit,ATM,EMI,15197,0,1
1171,30,Female,Pune,Self-employed,701625,24525,652,2024-03-24,Debit,UPI,Travel,13285,1,1
1249,38,Male,Pune,Self-employed,1189282,202212,595,2024-04-08,Credit,NEFT,Entertainment,3031,0,1
1286,30,Female,Mumbai,Self-employed,379065,112781,765,2024-05-30,Credit,NEFT,Travel,4326,0,1
1138,27,Female,Bangalore,Salaried,1025397,279473,735,2024-01-26,Credit,UPI,Food,17030,0,1
1023,24,Female,Pune,Salaried,321958,294766,703,2024-02-01,Debit,UPI,EMI,962,0,0
1157,31,Male,Delhi,Self-employed,1446150,120333,585,2024-05-20,Credit,ATM,Shopping,12337,0,1
1153,38,Female,Pune,Self-employed,563091,60937,565,2024-03-22,Credit,ATM,Entertainment,8976,0,1
1289,54,Male,Chennai,Student,550970,143094,789,2024-04-21,Credit,NEFT,Shopping,12268,1,0
1162,53,Female,Bangalore,Salaried,1103147,296825,788,2024-03-02,Credit,ATM,Food,5728,1,0
1288,39,Male,Mumbai,Self-employed,750273,161522,694,2024-03-13,Credit,NEFT,Shopping,18380,0,0
1256,40,Female,Bangalore,Salaried,460544,286651,732,2024-06-01,Debit,NEFT,Entertainment,16627,1,1
1027,50,Female,Bangalore,Salaried,727687,231063,656,2024-04-03,Credit,ATM,Entertainment,3521,0,1
1069,32,Male,Delhi,Student,512430,273074,564,2024-05-02,Debit,Card,Entertainment,15231,0,1
1269,35,Male,Bangalore,Salaried,879816,218530,655,2024-06-16,Debit,UPI,Shopping,13533,1,1
1110,35,Male,Mumbai,Salaried,1219382,123370,770,2024-01-22,Debit,NEFT,Bills,9661,0,1
1009,29,Male,Pune,Student,1226083,264125,676,2024-04-16,Credit,ATM,Shopping,9862,0,0
1165,26,Male,Hyderabad,Student,934818,226762,609,2024-06-08,Debit,NEFT,Travel,19796,1,1
1064,52,Male,Hyderabad,Self-employed,305966,281756,562,2024-02-19,Debit,Card,Travel,16346,0,1
1170,32,Female,Chennai,Student,579208,24595,713,2024-03-31,Debit,NEFT,Shopping,4790,1,1
1170,25,Female,Bangalore,Salaried,871298,92837,777,2024-03-17,Credit,UPI,Shopping,2138,1,1
1068,51,Female,Hyderabad,Student,606616,210494,789,2024-05-14,Debit,NEFT,Travel,3615,0,0
1184,55,Female,Chennai,Student,593542,211352,729,2024-04-05,Credit,UPI,Travel,13136,0,0
1065,27,Male,Hyderabad,Self-employed,334519,135601,573,2024-06-17,Debit,Card,Travel,13276,0,1
1059,49,Female,Hyderabad,Student,1169460,182292,745,2024-05-10,Credit,ATM,Entertainment,18180,0,1
1225,35,Male,Pune,Student,1457695,20953,654,2024-02-26,Credit,UPI,Food,18957,0,1
1004,32,Female,Mumbai,Student,536680,159179,673,2024-01-20,Debit,NEFT,Food,9984,1,1
1041,54,Male,Bangalore,Student,782711,161250,626,2024-03-26,Debit,NEFT,Travel,6186,0,1
1155,36,Male,Mumbai,Salaried,944179,264564,781,2024-01-22,Credit,Card,Entertainment,17944,0,0
1180,50,Female,Mumbai,Student,1423890,124162,703,2024-04-06,Debit,ATM,Food,17686,1,1
1163,34,Male,Delhi,Student,300510,206990,748,2024-03-14,Debit,ATM,Shopping,9795,0,0
1199,25,Male,Bangalore,Salaried,1133425,284495,775,2024-01-06,Debit,NEFT,Bills,5505,1,1
1150,30,Female,Mumbai,Self-employed,1030242,212718,783,2024-02-10,Debit,Card,Travel,9210,1,1
1255,46,Female,Mumbai,Student,1411356,96529,695,2024-05-22,Credit,NEFT,Shopping,5782,0,1
1270,39,Male,Chennai,Salaried,743195,131213,659,2024-05-26,Credit,ATM,EMI,15512,1,1
1019,34,Female,Pune,Salaried,906611,248416,689,2024-06-08,Credit,Card,Shopping,8965,1,1
1057,31,Male,Delhi,Self-employed,467797,227144,699,2024-06-06,Debit,NEFT,Travel,4410,0,1
1214,34,Male,Bangalore,Student,669546,20456,610,2024-02-13,Debit,UPI,Entertainment,7227,0,1
1126,51,Male,Bangalore,Self-employed,1152508,232673,623,2024-04-06,Debit,NEFT,Shopping,7545,1,1
1179,48,Male,Mumbai,Student,1168567,283936,675,2024-05-26,Debit,NEFT,Shopping,1308,1,1
1205,55,Male,Hyderabad,Self-employed,1040039,192076,663,2024-02-13,Debit,ATM,Bills,6218,0,0
1284,48,Female,Hyderabad,Salaried,875390,101745,568,2024-03-03,Debit,UPI,Bills,6280,1,1
1065,55,Male,Delhi,Self-employed,1027279,149108,625,2024-06-03,Debit,NEFT,Entertainment,19723,0,0
1139,29,Female,Mumbai,Self-employed,440942,202223,699,2024-03-30,Debit,UPI,Shopping,5159,1,1
1256,35,Male,Delhi,Self-employed,688909,226554,589,2024-04-25,Debit,Card,Food,7669,0,1
1240,51,Female,Delhi,Salaried,505088,273671,705,2024-01-10,Credit,NEFT,EMI,11833,0,1
1296,36,Female,Bangalore,Salaried,851666,111881,772,2024-01-30,Debit,Card,Travel,12565,0,1
1185,24,Male,Chennai,Self-employed,442885,149795,644,2024-06-21,Credit,ATM,Food,7498,0,1
1089,28,Female,Delhi,Student,926503,181021,775,2024-03-28,Debit,Card,Travel,18552,0,1
1098,44,Male,Pune,Student,338522,81574,714,2024-01-02,Debit,Card,Bills,12049,0,1
1174,30,Female,Chennai,Salaried,305236,154328,595,2024-02-05,Credit,Card,Bills,15144,0,1
1129,23,Female,Delhi,Self-employed,1399246,77217,756,2024-04-20,Credit,NEFT,Bills,208,1,1
1118,30,Female,Mumbai,Salaried,944129,252972,787,2024-04-03,Credit,Card,Food,12146,0,0
1086,35,Female,Delhi,Student,524318,88077,776,2024-02-13,Debit,ATM,Food,11681,0,1
1232,54,Male,Bangalore,Student,1233946,84884,621,2024-03-20,Debit,ATM,EMI,424,0,1
1198,43,Male,Delhi,Student,587904,23016,552,2024-01-14,Debit,ATM,Travel,17567,1,1
1285,24,Female,Bangalore,Salaried,467951,223006,650,2024-04-15,Debit,NEFT,Food,8165,0,1
1225,41,Female,Pune,Salaried,1016462,64069,693,2024-05-04,Debit,UPI,Food,9853,1,1
1031,38,Female,Pune,Salaried,1187523,179816,590,2024-03-26,Debit,UPI,Bills,16239,0,1
1120,27,Male,Chennai,Self-employed,384186,63419,675,2024-05-07,Debit,Card,Shopping,15313,0,1
1043,50,Male,Delhi,Student,1351316,98259,575,2024-02-03,Debit,UPI,Entertainment,18412,1,1
1285,44,Female,Hyderabad,Salaried,830391,63872,736,2024-03-01,Credit,UPI,Travel,936,0,1
1032,30,Male,Chennai,Student,1259656,171394,708,2024-02-01,Debit,UPI,Travel,3688,0,1
1169,31,Female,Delhi,Self-employed,1322039,123636,727,2024-04-19,Credit,NEFT,Shopping,6575,0,1
1052,54,Male,Delhi,Salaried,1094105,231444,668,2024-05-22,Credit,Card,Food,7229,0,1
1021,45,Female,Pune,Self-employed,1492726,261455,571,2024-04-15,Credit,NEFT,Food,6377,0,1
1268,53,Male,Pune,Self-employed,1111914,133394,715,2024-06-28,Credit,UPI,Bills,9705,0,1
1298,46,Male,Chennai,Student,394646,195158,558,2024-04-30,Debit,ATM,Entertainment,12085,0,1
1253,52,Female,Pune,Student,327155,120033,725,2024-02-18,Debit,ATM,Travel,10362,1,0
1004,34,Female,Mumbai,Salaried,678684,14242,604,2024-05-11,Debit,ATM,Travel,8580,1,1
1052,31,Male,Delhi,Student,1404123,161420,700,2024-01-13,Credit,NEFT,Travel,17401,1,1
1184,55,Female,Delhi,Student,568450,86682,666,2024-01-12,Debit,Card,Bills,11827,0,1
1174,41,Male,Bangalore,Salaried,714165,227176,750,2024-03-23,Credit,ATM,Food,15887,1,1
1166,26,Female,Mumbai,Self-employed,1044368,204150,616,2024-03-18,Debit,NEFT,Shopping,8702,0,0
1269,37,Female,Mumbai,Salaried,537105,21793,795,2024-02-21,Credit,UPI,Shopping,8781,0,1
1095,37,Male,Chennai,Salaried,1152012,147626,663,2024-03-02,Credit,NEFT,Food,14990,1,1
1269,28,Male,Mumbai,Student,965724,31752,571,2024-02-23,Credit,ATM,Entertainment,978,0,1
1138,31,Female,Delhi,Salaried,395222,205325,739,2024-01-12,Debit,NEFT,EMI,14312,0,1
1165,51,Female,Mumbai,Student,535939,132474,665,2024-04-21,Debit,ATM,Travel,346,1,1
1022,43,Female,Pune,Self-employed,1121786,146502,776,2024-06-29,Debit,ATM,Entertainment,18136,1,1
1027,46,Male,Mumbai,Salaried,1016337,296446,792,2024-05-24,Credit,UPI,Bills,5324,0,1
1123,53,Male,Chennai,Salaried,1069049,43322,567,2024-01-31,Debit,NEFT,EMI,6905,0,0
1012,44,Female,Delhi,Self-employed,1060029,164699,675,2024-02-19,Debit,Card,EMI,9694,0,1
1146,22,Male,Chennai,Student,1379494,27473,663,2024-06-06,Credit,NEFT,Entertainment,11189,0,1
1074,26,Female,Chennai,Student,301771,5080,605,2024-03-19,Credit,Card,Entertainment,16862,0,1
1236,24,Female,Mumbai,Student,1031258,154533,559,2024-04-11,Credit,UPI,Food,7468,0,0
1153,45,Female,Mumbai,Student,328669,181023,558,2024-03-21,Credit,Card,Bills,10409,0,1
1298,33,Female,Bangalore,Student,434746,109614,612,2024-05-01,Credit,ATM,Shopping,8589,0,1
1106,48,Male,Chennai,Student,713986,106929,576,2024-01-28,Credit,NEFT,EMI,16865,1,1
1013,29,Female,Chennai,Self-employed,907886,125696,699,2024-05-16,Debit,UPI,Entertainment,4816,0,0
1115,26,Male,Hyderabad,Student,1054274,214498,666,2024-02-21,Debit,Card,EMI,1822,0,0
1092,48,Male,Delhi,Salaried,539775,233670,689,2024-05-22,Debit,NEFT,Shopping,10768,0,1
1232,32,Female,Chennai,Salaried,1039431,253185,568,2024-03-18,Credit,ATM,EMI,3212,0,1
1184,28,Female,Mumbai,Student,471213,217862,787,2024-06-27,Debit,NEFT,Travel,2608,0,1
1284,42,Female,Mumbai,Salaried,779911,148393,574,2024-02-10,Credit,ATM,Entertainment,7046,1,1
1254,31,Female,Pune,Salaried,1262948,248410,699,2024-04-13,Credit,ATM,Shopping,10949,1,1
1059,23,Male,Chennai,Self-employed,669302,192427,633,2024-05-17,Credit,ATM,EMI,5285,0,1
1146,53,Female,Bangalore,Student,547267,252279,582,2024-02-24,Credit,ATM,EMI,7629,1,1
1117,43,Male,Delhi,Salaried,1150273,23501,609,2024-03-20,Debit,UPI,Entertainment,6280,0,0
1134,35,Female,Mumbai,Salaried,963321,139931,551,2024-03-08,Debit,Card,Travel,16799,0,1
1079,30,Male,Pune,Student,1086087,65230,603,2024-05-21,Debit,ATM,Travel,211,0,1
1064,21,Female,Bangalore,Student,1410983,62624,614,2024-06-25,Debit,ATM,EMI,12020,0,1
1257,52,Male,Bangalore,Self-employed,671999,71203,768,2024-06-29,Credit,ATM,Travel,7332,1,1
1068,32,Male,Hyderabad,Self-employed,923801,261684,794,2024-06-12,Credit,UPI,Shopping,520,0,0
1222,37,Female,Chennai,Salaried,1263711,255614,554,2024-02-11,Credit,NEFT,Shopping,707,1,0
1003,34,Male,Pune,Student,367166,189735,686,2024-03-03,Debit,UPI,Food,16979,1,0
1151,37,Female,Delhi,Salaried,1150274,211430,671,2024-03-13,Debit,NEFT,Shopping,6259,0,0
1151,32,Male,Hyderabad,Student,1216758,180893,723,2024-02-01,Debit,ATM,EMI,14436,0,0
1130,41,Male,Bangalore,Student,1237866,229040,718,2024-02-01,Debit,NEFT,Entertainment,16527,0,1
1208,49,Female,Hyderabad,Self-employed,550346,58470,560,2024-01-06,Credit,UPI,Shopping,14030,1,1
1175,22,Female,Bangalore,Self-employed,519339,171805,670,2024-01-17,Credit,ATM,Bills,9602,0,0
1035,48,Male,Bangalore,Salaried,695288,124102,757,2024-04-23,Credit,NEFT,EMI,9401,0,1
1280,53,Male,Hyderabad,Salaried,428789,184075,652,2024-04-14,Debit,ATM,Bills,4859,1,0
1018,30,Female,Hyderabad,Salaried,1463873,133595,724,2024-04-06,Credit,ATM,EMI,1558,1,1
1127,24,Male,Chennai,Self-employed,456402,219922,723,2024-03-14,Credit,UPI,EMI,12982,0,1
1214,22,Female,Bangalore,Salaried,595861,119394,697,2024-06-19,Credit,UPI,Bills,14385,0,1
1087,43,Female,Delhi,Student,473645,130739,695,2024-05-10,Credit,NEFT,Travel,1183,0,1
1299,55,Female,Delhi,Salaried,673443,280671,603,2024-06-18,Debit,ATM,Shopping,12186,0,1
1118,38,Male,Pune,Self-employed,656799,119437,616,2024-02-09,Credit,Card,EMI,7028,0,1
1298,31,Male,Chennai,Self-employed,354168,112306,746,2024-05-18,Debit,UPI,Food,1855,1,1
1056,28,Female,Delhi,Salaried,563935,175903,627,2024-01-10,Debit,NEFT,Food,12363,0,1
1179,37,Male,Pune,Salaried,344773,48921,556,2024-03-12,Credit,UPI,Shopping,6917,0,0
1004,49,Male,Hyderabad,Salaried,917979,14740,720,2024-01-06,Credit,ATM,Shopping,19118,1,0
1045,49,Male,Chennai,Self-employed,1212794,236923,673,2024-03-11,Debit,NEFT,Travel,6638,0,0
1082,53,Female,Bangalore,Self-employed,453503,263897,578,2024-03-22,Credit,Card,EMI,14318,0,1
1067,41,Female,Chennai,Student,485399,104149,579,2024-03-05,Credit,NEFT,Entertainment,12392,0,1
1158,40,Male,Pune,Student,516433,140342,710,2024-05-11,Debit,UPI,Entertainment,17779,1,1
1295,49,Male,Chennai,Self-employed,421143,223996,691,2024-04-04,Debit,ATM,EMI,17064,0,1
1129,39,Female,Bangalore,Self-employed,905274,133899,720,2024-03-09,Debit,Card,Shopping,15291,1,1
1010,44,Female,Chennai,Salaried,1252334,98360,601,2024-04-30,Debit,Card,Travel,15766,0,1
1066,51,Female,Bangalore,Salaried,711771,45514,636,2024-06-15,Credit,Card,EMI,13130,1,1
1140,53,Female,Pune,Self-employed,542244,200832,727,2024-04-17,Debit,Card,EMI,12223,0,1
1283,23,Female,Pune,Salaried,558380,236962,652,2024-02-17,Debit,ATM,Food,5889,1,1
1013,23,Male,Hyderabad,Self-employed,473700,203138,687,2024-01-11,Debit,UPI,Bills,15504,0,1
1195,48,Male,Hyderabad,Self-employed,543140,218571,560,2024-02-18,Credit,NEFT,Bills,10295,1,1
1106,41,Female,Hyderabad,Self-employed,655362,212046,608,2024-04-04,Credit,NEFT,EMI,5115,0,1
1123,43,Male,Hyderabad,Salaried,1357174,225934,568,2024-04-16,Credit,NEFT,Bills,16773,0,1
1292,33,Female,Delhi,Self-employed,1392576,129919,590,2024-06-28,Credit,NEFT,Food,17057,0,1
1023,21,Female,Mumbai,Student,1055910,168106,628,2024-01-09,Credit,ATM,Bills,16202,0,1
1287,29,Male,Pune,Self-employed,621482,9914,581,2024-03-01,Debit,UPI,Travel,16481,0,1
1243,26,Female,Hyderabad,Salaried,1088733,140075,740,2024-04-06,Credit,NEFT,Food,14296,1,0
1061,23,Female,Pune,Student,1070719,261279,576,2024-04-15,Credit,UPI,EMI,2567,0,1
1257,33,Male,Delhi,Student,689234,182483,736,2024-05-29,Debit,ATM,Bills,4422,0,1
1240,23,Female,Chennai,Self-employed,1269369,297127,641,2024-02-09,Debit,Card,Shopping,18879,0,1
1258,51,Female,Chennai,Self-employed,892388,202609,567,2024-06-11,Credit,UPI,EMI,11565,0,1
1216,42,Female,Mumbai,Self-employed,1068066,174026,798,2024-03-05,Credit,UPI,Entertainment,15168,0,1
1283,51,Female,Pune,Salaried,401167,225007,728,2024-01-14,Credit,ATM,Food,13346,1,1
1274,45,Male,Chennai,Self-employed,660628,283176,721,2024-02-26,Credit,UPI,Shopping,19205,0,1
1246,23,Male,Chennai,Student,1369444,136052,769,2024-05-26,Credit,NEFT,Food,8787,1,1
1046,46,Male,Chennai,Self-employed,1175768,25816,742,2024-05-09,Credit,Card,Bills,13460,0,1
1199,28,Male,Hyderabad,Student,383800,185437,627,2024-02-01,Debit,Card,Entertainment,9524,0,0
1125,47,Male,Delhi,Salaried,475647,12518,636,2024-04-23,Debit,ATM,Travel,5855,0,1
1133,35,Female,Chennai,Self-employed,1086144,67878,734,2024-06-11,Credit,UPI,EMI,6340,0,1
1297,46,Female,Pune,Student,1227977,17938,643,2024-06-13,Debit,NEFT,Bills,10147,0,1
1100,34,Female,Mumbai,Salaried,589368,27088,792,2024-03-27,Credit,Card,Travel,19353,0,0
1131,25,Male,Bangalore,Student,708181,270290,573,2024-01-30,Debit,Card,Travel,14888,0,0
1134,30,Female,Mumbai,Self-employed,1435992,19861,645,2024-01-17,Credit,NEFT,Entertainment,18845,0,1
1052,47,Male,Hyderabad,Self-employed,437123,55695,590,2024-03-27,Credit,ATM,Bills,16100,0,1
1192,29,Female,Hyderabad,Self-employed,1395631,59146,572,2024-04-21,Credit,ATM,Travel,11833,1,1
1028,42,Male,Hyderabad,Salaried,833848,144785,692,2024-01-21,Credit,UPI,Bills,6588,1,0
1279,37,Female,Mumbai,Self-employed,1006078,102767,601,2024-05-26,Debit,NEFT,Food,4796,1,0
1242,28,Male,Mumbai,Salaried,1371498,20872,776,2024-03-29,Credit,Card,Shopping,12973,0,1
1056,22,Female,Bangalore,Salaried,447514,125413,694,2024-05-04,Credit,ATM,Food,13973,1,1
1238,41,Female,Bangalore,Student,1364976,91721,586,2024-04-02,Debit,ATM,Entertainment,1888,0,1
1195,26,Male,Delhi,Student,716161,51981,778,2024-06-09,Credit,Card,Travel,17841,1,1
1119,44,Male,Pune,Salaried,554436,57186,619,2024-01-16,Debit,Card,Travel,10326,0,1
1265,40,Male,Hyderabad,Self-employed,339305,107603,731,2024-03-19,Debit,Card,EMI,6622,0,0
1049,40,Male,Chennai,Self-employed,1328682,223004,773,2024-05-16,Credit,ATM,Entertainment,6530,0,1
1275,50,Male,Chennai,Student,568021,152257,697,2024-04-28,Debit,ATM,Food,9310,1,0
1088,22,Female,Hyderabad,Student,471074,124229,591,2024-05-29,Debit,UPI,Entertainment,2449,0,1
1283,23,Male,Chennai,Salaried,640572,250536,560,2024-04-03,Credit,UPI,Shopping,4472,0,0
1289,31,Male,Mumbai,Salaried,836132,203399,665,2024-03-08,Debit,UPI,Bills,10544,0,1
1085,40,Male,Mumbai,Salaried,304428,142782,606,2024-04-25,Debit,Card,Travel,9127,0,0
1230,31,Male,Bangalore,Salaried,729955,198958,637,2024-06-23,Debit,NEFT,Food,8931,1,1
1059,30,Female,Delhi,Student,718293,117295,550,2024-04-04,Credit,NEFT,Travel,3553,0,1
1184,52,Female,Mumbai,Self-employed,1392464,296813,586,2024-02-17,Credit,Card,Food,5436,1,0
1028,35,Male,Chennai,Self-employed,1236595,115991,794,2024-01-06,Credit,NEFT,Travel,6111,1,1
1082,22,Male,Delhi,Salaried,1063296,163325,617,2024-04-16,Credit,ATM,Bills,10304,0,1
1158,25,Male,Hyderabad,Salaried,756951,56109,588,2024-02-24,Credit,NEFT,Travel,3453,1,1
1217,34,Female,Hyderabad,Self-employed,1415593,62839,734,2024-02-03,Debit,Card,Travel,1322,1,1
1071,34,Male,Bangalore,Self-employed,616689,161558,794,2024-04-05,Debit,Card,Travel,3631,0,0
1224,32,Male,Pune,Salaried,1161705,24752,562,2024-03-22,Debit,NEFT,Shopping,391,0,1
1252,55,Female,Mumbai,Self-employed,940404,183566,609,2024-02-19,Debit,Card,EMI,4022,0,1
1214,37,Male,Mumbai,Salaried,879739,67440,621,2024-04-28,Debit,Card,Travel,19971,1,1
1180,48,Female,Pune,Student,893240,226147,717,2024-06-16,Credit,UPI,Shopping,8672,1,1
1246,55,Male,Delhi,Salaried,1364716,171533,650,2024-02-25,Debit,ATM,Food,7278,1,1
1178,29,Female,Hyderabad,Student,492774,122449,784,2024-01-17,Credit,Card,Bills,6880,0,1
1055,44,Female,Delhi,Salaried,1081833,298616,663,2024-06-15,Debit,NEFT,Shopping,2964,1,1
1209,34,Male,Hyderabad,Self-employed,477650,80778,575,2024-06-11,Credit,ATM,Travel,6385,0,0
1246,25,Male,Hyderabad,Self-employed,1018959,177348,628,2024-05-02,Credit,Card,EMI,8722,0,1
1033,44,Male,Mumbai,Student,735641,53756,693,2024-04-25,Debit,NEFT,Shopping,359,0,1
1079,54,Female,Delhi,Student,694090,191691,780,2024-03-29,Credit,ATM,Food,10492,0,0
1177,23,Female,Chennai,Salaried,414719,6083,606,2024-04-30,Credit,UPI,Shopping,6689,0,1
1273,43,Male,Chennai,Salaried,1152930,229602,763,2024-02-03,Credit,NEFT,Bills,1979,1,1
1054,39,Female,Chennai,Salaried,401421,66257,559,2024-05-13,Debit,UPI,Travel,5803,0,0
1051,46,Female,Chennai,Student,708621,107854,570,2024-01-22,Credit,ATM,Food,3889,0,0
1206,52,Male,Hyderabad,Self-employed,753264,78697,595,2024-03-09,Debit,NEFT,Shopping,8208,1,1
1092,46,Female,Hyderabad,Salaried,846218,78732,774,2024-06-12,Debit,Card,Bills,7431,0,0
1097,30,Female,Delhi,Self-employed,1375828,18480,558,2024-01-10,Credit,ATM,EMI,13783,0,1
1163,41,Male,Bangalore,Student,539512,225054,550,2024-01-11,Debit,UPI,EMI,1065,0,1
1124,47,Male,Hyderabad,Self-employed,1016328,72725,550,2024-02-21,Credit,ATM,Bills,468,0,0
1034,24,Female,Bangalore,Self-employed,1243902,196831,676,2024-06-10,Debit,ATM,EMI,16979,0,1
1299,32,Female,Hyderabad,Student,1270772,235779,654,2024-06-20,Credit,UPI,Entertainment,245,0,1
1224,35,Female,Hyderabad,Self-employed,1397899,161122,768,2024-04-26,Debit,UPI,Travel,2616,0,1
1160,48,Female,Delhi,Student,308165,244893,618,2024-06-17,Credit,ATM,Food,17867,0,1
1001,51,Female,Chennai,Student,1322935,19179,594,2024-05-12,Credit,UPI,Shopping,19302,1,1
1145,53,Female,Pune,Student,935434,67304,615,2024-02-26,Credit,UPI,Food,10105,0,1
1006,42,Female,Pune,Student,661166,131946,743,2024-06-29,Debit,Card,EMI,2884,1,1
1134,50,Male,Pune,Salaried,451113,185816,731,2024-01-22,Credit,Card,EMI,11099,0,1
1271,39,Male,Chennai,Self-employed,404257,45234,665,2024-04-03,Credit,NEFT,Shopping,12849,0,0
1079,44,Female,Delhi,Student,979285,153483,675,2024-04-20,Debit,Card,Entertainment,12076,1,1
1192,47,Male,Hyderabad,Self-employed,1225200,89593,624,2024-02-04,Credit,Card,Food,10407,1,1
1243,37,Male,Chennai,Salaried,335771,164139,795,2024-05-20,Debit,Card,Entertainment,17172,0,1
1032,24,Male,Delhi,Salaried,477594,114374,740,2024-05-16,Credit,Card,Shopping,18337,0,1
1075,37,Male,Bangalore,Salaried,1401016,124616,671,2024-03-18,Credit,ATM,Food,13762,0,1
1095,48,Male,Hyderabad,Student,643005,20284,575,2024-02-06,Credit,Card,Shopping,12186,0,1
1238,41,Female,Bangalore,Student,957294,42972,635,2024-01-26,Credit,NEFT,Food,14517,0,1
1254,21,Male,Mumbai,Salaried,1313614,164791,631,2024-06-21,Debit,UPI,Food,3595,0,1
1152,40,Female,Pune,Self-employed,1109619,164216,572,2024-04-04,Debit,Card,Bills,5054,0,0
1277,44,Male,Chennai,Self-employed,1136089,10215,630,2024-03-14,Debit,Card,EMI,14044,0,1
1264,49,Female,Pune,Self-employed,944605,26681,637,2024-04-30,Credit,ATM,Entertainment,15197,0,0
1060,24,Female,Bangalore,Salaried,1368677,232384,676,2024-06-13,Credit,NEFT,EMI,11245,0,1
1170,43,Female,Hyderabad,Self-employed,1337166,131540,637,2024-03-12,Debit,Card,Bills,10557,0,1
1208,49,Female,Pune,Student,1397429,11245,685,2024-05-26,Credit,UPI,Bills,18024,1,0
1278,34,Female,Pune,Self-employed,1172877,215574,553,2024-04-26,Credit,Card,Shopping,19564,0,1
1067,47,Female,Hyderabad,Student,1265398,108864,566,2024-04-15,Debit,ATM,Entertainment,12206,0,0
1018,51,Male,Mumbai,Self-employed,798965,256898,590,2024-01-11,Debit,NEFT,Food,18590,0,1
1254,24,Female,Pune,Student,643694,185091,629,2024-02-03,Debit,ATM,Food,7737,1,1
1085,35,Male,Delhi,Self-employed,635700,106072,609,2024-02-23,Credit,Card,Entertainment,7378,0,1
1123,32,Male,Chennai,Self-employed,1340878,83301,777,2024-01-14,Credit,Card,Travel,16328,1,1
1275,30,Male,Delhi,Salaried,781182,252297,648,2024-06-08,Credit,ATM,Food,16127,1,1
1141,26,Female,Chennai,Salaried,637994,228271,626,2024-01-31,Debit,Card,Food,5497,0,0
1243,51,Male,Bangalore,Self-employed,1353582,248441,561,2024-01-11,Credit,NEFT,Entertainment,14837,0,1
1206,40,Male,Hyderabad,Student,974446,279584,654,2024-04-17,Credit,UPI,Food,11054,0,1
1257,54,Male,Bangalore,Self-employed,980056,227703,793,2024-01-12,Debit,UPI,Travel,736,0,1
1007,45,Female,Hyderabad,Salaried,1064625,43339,705,2024-03-02,Debit,Card,Food,9175,1,1
1018,54,Female,Pune,Student,811081,92114,726,2024-06-13,Credit,NEFT,Shopping,16078,0,1
1026,32,Male,Mumbai,Student,1166116,231648,677,2024-03-25,Debit,Card,EMI,7808,0,0
1156,47,Female,Bangalore,Self-employed,1406082,127831,560,2024-02-13,Debit,ATM,Travel,839,0,1
1063,24,Male,Hyderabad,Student,1165500,5764,603,2024-03-05,Credit,Card,Shopping,4154,0,1
1007,30,Male,Hyderabad,Salaried,825498,200430,775,2024-05-24,Debit,NEFT,Bills,12087,0,1
1249,26,Male,Bangalore,Student,364452,155337,607,2024-02-23,Debit,ATM,Shopping,2107,0,0
1287,38,Female,Delhi,Salaried,773827,228514,648,2024-04-03,Credit,NEFT,Shopping,6438,0,1
1025,50,Female,Pune,Self-employed,620406,130563,599,2024-01-23,Debit,NEFT,EMI,6483,0,1
1211,55,Female,Chennai,Student,874975,256737,697,2024-02-12,Credit,Card,Travel,18671,0,1
1281,32,Male,Pune,Salaried,608628,151109,717,2024-01-03,Credit,UPI,Food,9572,0,1
1151,25,Male,Pune,Salaried,1410859,130404,629,2024-06-07,Credit,ATM,Travel,12036,0,1
1060,28,Male,Pune,Self-employed,621309,78839,750,2024-05-24,Credit,NEFT,Bills,11418,0,1
1096,53,Male,Bangalore,Student,665037,108621,564,2024-04-01,Debit,Card,Shopping,14763,0,0
1004,27,Male,Mumbai,Student,1224860,119283,698,2024-03-22,Credit,UPI,Shopping,367,0,0
1220,47,Male,Bangalore,Student,1063373,233767,787,2024-05-29,Debit,ATM,Shopping,1760,0,1
1150,51,Female,Chennai,Salaried,395155,271558,655,2024-02-08,Debit,NEFT,Bills,6645,0,1
1217,29,Female,Bangalore,Salaried,1434635,148708,730,2024-01-15,Credit,Card,Travel,16499,0,1
1157,42,Male,Delhi,Student,539128,63983,676,2024-06-26,Debit,Card,EMI,9638,0,1
1024,23,Male,Hyderabad,Salaried,1018424,89468,615,2024-04-07,Credit,ATM,Bills,3655,1,1
1007,47,Male,Chennai,Salaried,1497398,180937,776,2024-04-05,Debit,Card,Travel,18256,0,1
1235,41,Female,Mumbai,Student,317286,168261,601,2024-02-27,Debit,UPI,Bills,14936,0,1
1245,30,Female,Chennai,Student,462113,20713,787,2024-06-21,Credit,UPI,EMI,8766,0,1
1281,28,Female,Hyderabad,Student,1468543,18446,594,2024-02-21,Debit,ATM,Bills,3780,0,1
1127,44,Male,Delhi,Salaried,1254859,223005,664,2024-06-13,Debit,ATM,Shopping,14033,0,0
1059,38,Female,Bangalore,Self-employed,924231,116070,666,2024-05-29,Credit,ATM,Entertainment,3537,0,1
1071,50,Male,Pune,Student,1428191,254844,710,2024-04-10,Credit,NEFT,Bills,1852,0,1
1191,23,Female,Hyderabad,Self-employed,349265,65794,732,2024-03-17,Debit,ATM,EMI,15238,1,0
1178,38,Male,Hyderabad,Salaried,1005675,120435,563,2024-04-04,Debit,NEFT,Food,9229,0,1
1145,47,Male,Mumbai,Student,426874,20946,691,2024-03-11,Credit,UPI,Travel,5471,0,1
1064,30,Female,Hyderabad,Salaried,634334,13634,565,2024-02-06,Debit,ATM,Entertainment,12526,0,1
1125,53,Female,Pune,Self-employed,419608,23939,583,2024-06-11,Credit,Card,Food,7665,0,0
1187,31,Female,Delhi,Self-employed,803373,263399,729,2024-02-18,Debit,UPI,EMI,3152,1,1
1049,26,Female,Hyderabad,Student,813043,10302,796,2024-02-09,Debit,NEFT,Bills,2770,0,1
1088,50,Female,Bangalore,Self-employed,660596,183844,640,2024-05-27,Credit,Card,Travel,8084,0,1
1161,21,Male,Delhi,Self-employed,1221717,34396,580,2024-01-14,Debit,UPI,Entertainment,3673,1,1
1022,47,Female,Mumbai,Self-employed,621007,204679,712,2024-05-22,Credit,UPI,Bills,12495,0,1
1035,55,Female,Bangalore,Salaried,1328928,37670,630,2024-06-15,Debit,NEFT,EMI,15119,1,0
1217,34,Female,Chennai,Salaried,453424,135686,691,2024-02-17,Credit,UPI,Food,5629,1,0
1095,22,Male,Hyderabad,Student,968283,91865,597,2024-02-04,Debit,Card,Bills,339,1,1
1068,38,Female,Hyderabad,Salaried,815765,177434,686,2024-01-18,Debit,UPI,Shopping,223,0,1
1072,27,Female,Pune,Student,1158322,67010,798,2024-02-05,Credit,UPI,Entertainment,2766,0,1
1193,55,Male,Delhi,Student,805896,16634,582,2024-01-22,Debit,UPI,Shopping,6574,0,1
1218,26,Male,Hyderabad,Student,818352,204226,724,2024-04-03,Debit,UPI,Travel,6614,0,0
1192,54,Female,Bangalore,Student,1311666,93329,682,2024-04-08,Debit,NEFT,Bills,13838,0,0
1211,34,Female,Pune,Self-employed,427110,216837,558,2024-02-24,Debit,ATM,Bills,19562,1,0
1018,25,Male,Delhi,Salaried,1372223,176427,771,2024-01-14,Credit,Card,Entertainment,15376,1,1
1208,46,Male,Hyderabad,Student,652256,128927,603,2024-01-06,Debit,ATM,Food,18162,1,0
1021,50,Male,Hyderabad,Salaried,565805,30474,552,2024-01-26,Credit,UPI,Food,6137,0,1
1017,30,Male,Bangalore,Salaried,1487861,90539,634,2024-04-27,Debit,ATM,Entertainment,4041,1,0
1068,33,Female,Bangalore,Salaried,1030831,230532,584,2024-04-07,Credit,ATM,Travel,5339,1,1
1298,54,Male,Delhi,Salaried,986601,11677,703,2024-03-16,Credit,ATM,Entertainment,277,1,0
1194,54,Male,Mumbai,Student,399843,42428,675,2024-01-26,Credit,ATM,Entertainment,11451,0,1
1138,50,Female,Bangalore,Self-employed,660053,78390,730,2024-05-01,Credit,NEFT,Bills,14345,0,1
1209,50,Female,Chennai,Student,1491506,199540,783,2024-03-25,Debit,UPI,Food,18674,0,1
1238,41,Male,Pune,Self-employed,545942,80589,646,2024-04-28,Debit,Card,Food,9674,1,1
1081,21,Female,Delhi,Salaried,750429,294667,551,2024-01-08,Debit,UPI,Food,16788,0,1
1291,42,Female,Delhi,Salaried,411783,281897,731,2024-01-01,Credit,Card,Shopping,2087,0,1
1048,47,Female,Pune,Salaried,1238777,177762,652,2024-04-11,Debit,Card,Travel,10568,0,0
1053,43,Female,Bangalore,Self-employed,1407456,273838,772,2024-05-27,Debit,ATM,Food,6373,0,1
1259,23,Female,Pune,Salaried,879140,143701,720,2024-01-05,Debit,NEFT,Travel,19642,0,1
1053,21,Female,Hyderabad,Student,524272,293174,574,2024-03-31,Debit,Card,Food,4336,1,1
1042,24,Female,Hyderabad,Self-employed,918462,288998,666,2024-04-22,Debit,UPI,Bills,6597,0,0
1022,30,Male,Pune,Student,1405756,22355,786,2024-05-13,Credit,NEFT,Food,9154,0,1
1149,30,Male,Hyderabad,Salaried,964934,249058,646,2024-05-23,Debit,NEFT,Shopping,19773,0,1
1251,32,Female,Hyderabad,Salaried,367988,172942,760,2024-01-27,Debit,ATM,Travel,4134,1,0
1148,48,Female,Delhi,Salaried,1162705,280132,595,2024-04-10,Debit,Card,EMI,15278,0,1
1176,40,Male,Pune,Salaried,595328,157715,582,2024-05-01,Credit,Card,Travel,3362,0,1
1093,48,Male,Hyderabad,Student,1011381,87073,690,2024-01-24,Debit,ATM,Bills,10904,0,1
1068,55,Female,Mumbai,Salaried,1434878,74520,722,2024-06-04,Credit,NEFT,EMI,10320,0,1
1228,21,Male,Chennai,Student,314235,231810,588,2024-02-17,Credit,Card,Travel,10403,1,1
1234,22,Male,Delhi,Salaried,1264907,35626,634,2024-01-03,Debit,ATM,Entertainment,14496,0,1
1254,55,Female,Pune,Salaried,620927,203774,716,2024-05-27,Credit,ATM,Travel,13546,0,1
1245,27,Male,Mumbai,Salaried,337257,174815,800,2024-02-11,Debit,NEFT,Bills,7684,1,0
1228,39,Female,Delhi,Student,1298627,221345,796,2024-01-06,Debit,NEFT,Food,2195,1,0
1202,24,Female,Mumbai,Salaried,835115,11055,562,2024-01-19,Credit,UPI,Entertainment,7594,0,1
1001,27,Male,Delhi,Salaried,376858,8293,613,2024-05-01,Debit,ATM,Bills,19537,0,0
1025,34,Male,Pune,Student,1435707,190394,759,2024-02-09,Debit,ATM,Entertainment,2324,0,1
1036,22,Female,Pune,Student,1163043,124406,588,2024-06-12,Debit,UPI,Shopping,12352,0,0
1257,48,Female,Mumbai,Student,948954,273695,742,2024-06-05,Credit,UPI,Food,9893,0,1
1175,47,Male,Bangalore,Student,1143988,57738,694,2024-02-27,Debit,NEFT,Entertainment,7790,0,0
1035,27,Female,Delhi,Self-employed,1217401,250904,744,2024-03-11,Credit,ATM,Travel,17011,0,1
1182,48,Male,Pune,Student,550658,244261,670,2024-05-24,Debit,UPI,Bills,15151,0,1
1074,44,Male,Bangalore,Student,1133305,239180,589,2024-05-06,Credit,ATM,Entertainment,11970,0,1
1169,47,Male,Mumbai,Student,1341492,205362,648,2024-03-02,Credit,NEFT,Bills,2919,1,1
1045,49,Male,Pune,Student,1097608,17514,552,2024-02-19,Debit,ATM,EMI,8669,0,0
1051,43,Male,Bangalore,Self-employed,776146,9292,762,2024-01-11,Credit,Card,Food,12206,0,1
1136,38,Male,Pune,Student,1194530,79664,793,2024-03-04,Debit,NEFT,Shopping,18855,0,1
1002,32,Female,Bangalore,Self-employed,665256,28089,786,2024-04-24,Debit,ATM,EMI,18593,0,1
1211,31,Male,Pune,Student,1377305,131008,659,2024-05-20,Debit,UPI,EMI,14481,0,0
1060,24,Male,Mumbai,Self-employed,606215,60997,641,2024-02-09,Debit,Card,Shopping,10756,0,1
1092,41,Male,Hyderabad,Student,414570,180317,597,2024-04-10,Debit,UPI,Food,1543,0,1
1248,45,Female,Bangalore,Salaried,587816,131657,572,2024-03-25,Credit,NEFT,Food,13985,0,1
1022,38,Female,Delhi,Self-employed,687834,165791,596,2024-04-10,Debit,ATM,Travel,18454,0,1
1033,50,Male,Bangalore,Student,1455938,69833,728,2024-02-04,Credit,Card,EMI,598,1,1
1178,32,Female,Bangalore,Self-employed,1134034,246252,640,2024-06-26,Credit,NEFT,Travel,12523,0,1
1275,44,Female,Mumbai,Self-employed,997706,203736,561,2024-06-16,Credit,UPI,Shopping,15171,1,0
1226,49,Female,Delhi,Salaried,1082240,151369,650,2024-02-18,Credit,NEFT,Food,17153,1,1
1163,23,Male,Hyderabad,Student,1339055,210319,793,2024-04-20,Debit,UPI,Food,14025,1,1
1098,42,Male,Bangalore,Student,1010406,272148,721,2024-06-23,Credit,Card,Shopping,14556,1,0
1159,42,Male,Bangalore,Self-employed,1188563,20227,704,2024-03-07,Debit,Card,Shopping,19792,0,1
1181,25,Female,Bangalore,Salaried,963045,129971,655,2024-04-07,Credit,Card,Travel,8832,1,1
1239,45,Female,Bangalore,Student,675894,74428,627,2024-05-10,Credit,ATM,Travel,17006,0,1
1030,51,Female,Pune,Student,627303,291264,692,2024-04-25,Debit,ATM,Bills,18421,0,0
1172,25,Female,Bangalore,Student,1122920,5976,622,2024-01-23,Credit,Card,Travel,8694,0,1
1004,30,Male,Delhi,Student,1488539,148913,682,2024-06-18,Credit,Card,Travel,15499,0,1
1221,55,Male,Bangalore,Student,310620,25718,634,2024-05-18,Credit,ATM,Food,5983,1,1
1017,40,Female,Bangalore,Self-employed,846540,259424,778,2024-01-22,Debit,UPI,Food,2429,0,0
1087,42,Male,Delhi,Student,826770,204326,555,2024-06-09,Debit,Card,Travel,9291,1,0
1276,29,Female,Chennai,Self-employed,1209037,32341,674,2024-02-17,Credit,ATM,EMI,10478,1,1
1081,31,Male,Chennai,Student,475774,82290,654,2024-06-17,Debit,NEFT,Food,15984,0,0
1240,49,Male,Mumbai,Self-employed,974252,27056,624,2024-06-24,Debit,NEFT,Travel,6165,0,0
1294,39,Female,Pune,Salaried,397228,32217,736,2024-05-26,Debit,NEFT,Shopping,2739,1,1
1072,41,Male,Bangalore,Self-employed,1341512,185356,784,2024-01-10,Debit,ATM,EMI,10699,0,1
1186,45,Female,Hyderabad,Self-employed,1148386,220787,714,2024-01-26,Debit,NEFT,EMI,1967,0,0
1255,54,Male,Hyderabad,Self-employed,1075749,286538,595,2024-06-26,Debit,Card,Shopping,7715,0,0
1042,38,Male,Chennai,Student,1055714,62223,567,2024-04-11,Debit,ATM,EMI,1068,0,0
1092,48,Female,Hyderabad,Salaried,1374201,274092,693,2024-03-29,Debit,NEFT,Food,17097,0,1
1069,34,Female,Pune,Student,1204091,269870,702,2024-01-10,Debit,NEFT,Shopping,6681,0,0
1162,35,Male,Delhi,Salaried,1011011,192110,783,2024-04-14,Debit,UPI,Food,16414,1,1
1140,52,Male,Hyderabad,Salaried,1313338,52696,557,2024-03-25,Credit,NEFT,EMI,4109,0,1
1065,25,Female,Mumbai,Self-employed,1431669,35115,692,2024-04-18,Credit,UPI,Food,4847,0,1
1213,49,Male,Bangalore,Self-employed,1192139,247146,654,2024-06-25,Credit,ATM,Food,2148,0,0
1277,25,Male,Mumbai,Salaried,613597,54215,591,2024-04-09,Credit,Card,Food,1204,0,1
1028,40,Male,Chennai,Student,753170,93406,795,2024-06-29,Debit,ATM,Bills,17078,1,1
1262,24,Male,Pune,Student,1033155,17500,797,2024-06-09,Debit,Card,EMI,12750,1,1
1115,35,Male,Hyderabad,Salaried,1009897,267627,652,2024-03-16,Debit,Card,Travel,2751,1,1
1279,42,Female,Bangalore,Salaried,304979,135860,687,2024-04-22,Debit,NEFT,Shopping,6422,0,0
1022,45,Male,Bangalore,Salaried,1025487,5184,749,2024-02-10,Credit,UPI,Shopping,1639,1,1
1153,34,Female,Mumbai,Student,491221,75032,683,2024-06-24,Credit,ATM,EMI,13975,0,1
1024,28,Female,Chennai,Salaried,1011903,216898,681,2024-06-15,Debit,UPI,Entertainment,17489,1,0
1285,40,Female,Delhi,Salaried,485883,244244,683,2024-02-12,Debit,Card,Bills,13785,0,1
1243,48,Male,Delhi,Salaried,1383708,264113,713,2024-04-15,Credit,NEFT,Shopping,17885,0,0
1006,53,Male,Bangalore,Salaried,839294,92107,632,2024-02-06,Debit,Card,Travel,1816,0,1
1139,36,Female,Bangalore,Student,1132243,294615,607,2024-06-26,Debit,UPI,Entertainment,12173,0,1
1193,45,Male,Delhi,Self-employed,482965,196122,591,2024-01-02,Debit,ATM,Entertainment,18478,0,1
1101,25,Female,Hyderabad,Salaried,487536,30937,664,2024-05-28,Debit,Card,Travel,5945,0,1
1015,27,Male,Bangalore,Self-employed,307726,12423,600,2024-02-13,Debit,Card,Entertainment,15014,0,1
1229,55,Male,Delhi,Salaried,1431251,170705,705,2024-01-29,Credit,Card,Food,13461,0,0
1218,26,Male,Chennai,Salaried,406326,287589,711,2024-05-05,Credit,Card,Shopping,8168,1,1
1240,46,Male,Hyderabad,Salaried,782970,159912,741,2024-05-29,Debit,UPI,Bills,17100,0,0
1274,33,Male,Hyderabad,Salaried,1108820,164910,673,2024-05-12,Credit,NEFT,Shopping,15195,1,1
1143,38,Male,Delhi,Salaried,579866,78210,602,2024-03-19,Credit,ATM,Bills,17247,0,1
1113,53,Female,Pune,Self-employed,756165,107338,778,2024-05-14,Debit,ATM,Food,17464,0,0
1206,28,Male,Chennai,Self-employed,1089735,127032,666,2024-05-09,Credit,ATM,Entertainment,9645,0,0
1256,23,Male,Chennai,Salaried,764678,185912,615,2024-02-02,Credit,ATM,Entertainment,2414,0,1
1286,39,Male,Delhi,Student,713642,144556,628,2024-06-12,Debit,ATM,Bills,19781,0,0
1241,26,Female,Delhi,Student,739162,291623,706,2024-06-08,Debit,UPI,EMI,5026,1,1
1110,28,Male,Bangalore,Self-employed,467659,242493,705,2024-05-04,Credit,UPI,Bills,19666,1,0
1294,42,Female,Mumbai,Student,1469240,258592,742,2024-02-23,Debit,ATM,Travel,6398,0,1
1021,36,Male,Chennai,Salaried,661982,282990,651,2024-05-26,Debit,NEFT,EMI,10921,1,1
1018,39,Male,Delhi,Salaried,308435,173705,637,2024-06-25,Credit,ATM,EMI,7175,0,1
1046,22,Male,Chennai,Student,776859,6336,753,2024-04-01,Credit,UPI,Bills,8897,0,1
1275,27,Female,Mumbai,Self-employed,704713,163362,598,2024-02-09,Debit,Card,Food,16759,0,1
1001,48,Male,Pune,Self-employed,466183,177654,788,2024-06-25,Credit,Card,Food,6324,0,1
1299,45,Male,Delhi,Salaried,1467026,242713,685,2024-03-29,Credit,ATM,Bills,12064,0,1
1058,42,Male,Pune,Self-employed,1366364,258279,747,2024-06-21,Debit,ATM,Bills,16893,0,1
1096,41,Male,Pune,Student,1473164,222648,596,2024-05-14,Debit,NEFT,EMI,13740,0,1
1227,36,Male,Pune,Self-employed,1407615,109730,734,2024-02-25,Credit,ATM,Entertainment,13976,1,1
1074,36,Female,Chennai,Student,625806,22428,624,2024-02-24,Credit,ATM,Shopping,1333,1,0
1117,30,Male,Pune,Self-employed,1419962,122644,654,2024-01-13,Credit,UPI,Bills,6932,1,0
1150,35,Female,Bangalore,Salaried,304551,208925,717,2024-01-16,Debit,UPI,Shopping,15515,0,1
1238,45,Male,Mumbai,Salaried,1224542,79611,658,2024-01-12,Credit,UPI,Shopping,13202,0,1
1273,22,Female,Pune,Self-employed,1132879,160281,683,2024-05-06,Debit,NEFT,Food,16719,0,1
1117,45,Male,Bangalore,Self-employed,638973,178086,703,2024-03-12,Credit,UPI,Travel,11815,0,1
1108,46,Male,Chennai,Student,1044741,185355,744,2024-06-29,Debit,Card,Travel,3633,1,1
1184,40,Female,Bangalore,Student,818402,25039,685,2024-04-20,Debit,NEFT,EMI,2170,1,1
1135,48,Male,Pune,Self-employed,1006780,274728,771,2024-02-05,Credit,ATM,Travel,13784,0,1
1191,26,Male,Pune,Student,965997,110706,756,2024-06-20,Debit,ATM,Food,891,0,1
1259,37,Female,Mumbai,Student,1298202,123968,662,2024-01-29,Debit,Card,Entertainment,2977,0,1
1022,44,Male,Hyderabad,Student,626119,191093,617,2024-06-02,Debit,Card,EMI,2428,1,1
1063,36,Male,Mumbai,Self-employed,866436,102222,663,2024-03-24,Credit,ATM,Food,11576,1,1
1214,53,Female,Chennai,Self-employed,612970,258084,567,2024-03-07,Debit,ATM,Travel,2712,0,1
1024,27,Female,Pune,Salaried,1140000,57608,626,2024-06-23,Credit,UPI,Entertainment,4382,1,1
1272,50,Male,Chennai,Student,723094,74755,689,2024-05-12,Credit,Card,Entertainment,1735,1,1
1158,29,Female,Bangalore,Salaried,1192730,216755,679,2024-05-17,Debit,UPI,Shopping,7922,0,1
1115,50,Female,Mumbai,Student,372896,166202,601,2024-04-07,Credit,ATM,Food,14279,1,1
1181,52,Male,Bangalore,Salaried,713088,230618,583,2024-04-12,Credit,UPI,Shopping,9860,0,1
1184,45,Female,Delhi,Salaried,1254877,103414,743,2024-06-12,Debit,UPI,Bills,4279,0,1
1140,27,Female,Hyderabad,Self-employed,633440,196028,639,2024-01-24,Credit,Card,Travel,19958,0,1
1133,52,Male,Mumbai,Salaried,1498346,274785,566,2024-05-09,Debit,Card,Food,9882,0,1
1021,26,Female,Mumbai,Self-employed,1071999,63997,576,2024-06-17,Debit,UPI,Entertainment,12114,0,1
1042,38,Male,Chennai,Self-employed,1461314,253565,752,2024-04-07,Credit,Card,EMI,7476,1,1
1133,51,Male,Chennai,Student,686176,144260,550,2024-03-12,Credit,NEFT,Bills,663,0,1
1214,45,Male,Chennai,Salaried,1422501,198231,615,2024-04-11,Debit,UPI,Travel,10989,0,1
1043,31,Female,Hyderabad,Salaried,1086374,98789,749,2024-04-12,Debit,Card,EMI,8220,0,0
1142,25,Male,Hyderabad,Self-employed,689048,103672,771,2024-04-09,Credit,ATM,EMI,8446,0,1
1156,27,Female,Bangalore,Student,1481355,216878,746,2024-01-07,Debit,ATM,Entertainment,19310,1,1
1083,52,Female,Hyderabad,Student,1134189,145563,609,2024-06-28,Credit,UPI,EMI,7589,0,1
1247,21,Male,Mumbai,Student,347561,29690,733,2024-01-26,Credit,UPI,Travel,15797,0,0
1045,41,Male,Hyderabad,Salaried,952675,266992,574,2024-01-26,Credit,Card,Food,2498,0,1
1105,51,Male,Pune,Salaried,1266298,135850,724,2024-04-24,Credit,Card,Travel,6132,0,1
1107,30,Male,Bangalore,Student,636850,225799,704,2024-06-16,Debit,UPI,Food,2880,1,1
1198,46,Female,Pune,Salaried,1241332,110765,559,2024-06-20,Debit,Card,Food,2464,0,0
1242,37,Male,Hyderabad,Student,671101,152425,777,2024-04-19,Credit,NEFT,Bills,19833,0,0
1283,23,Male,Delhi,Student,1232373,86301,578,2024-05-15,Debit,UPI,EMI,12659,0,1
1085,55,Male,Hyderabad,Self-employed,343761,191296,623,2024-02-11,Credit,Card,EMI,19500,1,1
1005,26,Female,Delhi,Salaried,521234,68459,706,2024-04-04,Debit,ATM,Travel,5439,0,1
1150,38,Male,Delhi,Salaried,471500,264912,727,2024-04-08,Debit,Card,Food,3987,0,0
1271,25,Male,Chennai,Self-employed,699369,115491,700,2024-06-29,Debit,ATM,Entertainment,8668,1,0
1072,53,Male,Pune,Student,1113197,265695,781,2024-04-29,Credit,ATM,Bills,8249,0,1
1212,27,Female,Delhi,Salaried,729655,99800,624,2024-02-19,Credit,NEFT,Shopping,16234,0,1
1259,25,Female,Mumbai,Student,333678,83414,693,2024-03-02,Debit,Card,Travel,16197,1,1
1234,51,Female,Hyderabad,Self-employed,660911,103906,604,2024-06-16,Credit,NEFT,Food,5763,1,1
1159,47,Male,Chennai,Student,615662,35700,617,2024-05-01,Credit,Card,EMI,4674,0,0
1034,31,Female,Mumbai,Salaried,518241,107830,723,2024-01-17,Debit,UPI,Bills,12606,0,1
1240,52,Male,Delhi,Student,654240,28728,580,2024-01-25,Credit,Card,Food,378,0,0
1120,50,Male,Hyderabad,Student,698388,21372,792,2024-04-11,Debit,ATM,Shopping,8273,0,1
1065,53,Male,Chennai,Salaried,618852,281142,631,2024-04-21,Credit,Card,Shopping,15809,1,0
1067,25,Female,Chennai,Salaried,1139522,171776,696,2024-06-20,Debit,Card,Shopping,9990,0,1
1188,27,Female,Mumbai,Salaried,595614,234081,615,2024-04-03,Credit,Card,Travel,14379,0,1
1076,47,Female,Chennai,Student,736466,268257,710,2024-03-15,Debit,UPI,Shopping,14920,0,1
1087,24,Male,Delhi,Student,891769,14820,690,2024-02-25,Debit,UPI,Shopping,7622,1,0
1255,51,Male,Pune,Student,1235463,148821,601,2024-04-11,Debit,NEFT,Entertainment,19881,0,0
1011,45,Female,Hyderabad,Self-employed,867602,114439,710,2024-02-01,Debit,Card,Shopping,11859,0,1
1093,38,Female,Delhi,Salaried,368784,66127,626,2024-03-14,Credit,UPI,Shopping,1270,0,1
1142,30,Male,Pune,Student,1464969,212747,568,2024-04-19,Credit,Card,EMI,17260,0,1
1263,46,Female,Pune,Student,1042713,150339,697,2024-02-07,Credit,NEFT,Food,16905,0,1
1279,46,Male,Mumbai,Self-employed,721230,298567,794,2024-06-17,Debit,Card,Entertainment,2505,0,1
1083,43,Male,Pune,Salaried,855732,268890,695,2024-01-15,Debit,UPI,EMI,6217,0,1
1116,52,Male,Delhi,Student,753223,39494,724,2024-03-23,Debit,ATM,EMI,11653,1,1
1118,33,Male,Mumbai,Self-employed,936778,129470,584,2024-05-10,Debit,UPI,Travel,16139,0,1
1069,50,Female,Hyderabad,Student,674395,200761,781,2024-02-10,Credit,NEFT,Shopping,15600,1,1
1005,51,Female,Pune,Student,1006852,16956,747,2024-01-06,Credit,UPI,EMI,18370,1,1
1221,51,Female,Pune,Student,972482,5650,595,2024-06-18,Debit,UPI,Shopping,6331,0,1
1116,24,Male,Chennai,Student,576471,235460,796,2024-06-06,Credit,UPI,Bills,13065,0,0
1061,33,Female,Mumbai,Salaried,607517,247052,762,2024-04-29,Debit,Card,Shopping,13425,0,1
1133,54,Male,Mumbai,Student,591522,277011,701,2024-04-14,Debit,ATM,Food,14769,1,1
1031,38,Male,Mumbai,Student,1468034,263552,634,2024-01-15,Debit,Card,Bills,17776,0,0
1146,53,Female,Delhi,Self-employed,1004353,213100,657,2024-02-21,Debit,ATM,Food,4286,0,0
1241,23,Female,Bangalore,Salaried,783832,187171,799,2024-06-28,Debit,Card,Bills,15660,0,0
1262,21,Female,Bangalore,Self-employed,1057488,139709,780,2024-01-23,Credit,NEFT,Bills,3085,0,1
1014,54,Female,Hyderabad,Self-employed,786563,77615,558,2024-03-25,Credit,ATM,Food,12415,0,1
1047,49,Female,Pune,Salaried,608866,162987,673,2024-04-03,Credit,Card,Shopping,10161,0,1
1130,35,Female,Delhi,Student,883205,198181,574,2024-04-12,Debit,ATM,Shopping,12112,0,1
1267,29,Female,Pune,Self-employed,834986,243680,781,2024-02-24,Debit,ATM,Bills,3308,1,1
1248,40,Male,Pune,Self-employed,746995,105844,753,2024-05-02,Debit,Card,Travel,10983,0,0
1131,36,Female,Chennai,Self-employed,378146,45046,800,2024-02-18,Credit,NEFT,Bills,17575,1,1
1178,22,Female,Mumbai,Self-employed,890118,119313,603,2024-04-08,Debit,UPI,Shopping,7493,0,0
1158,49,Female,Pune,Salaried,880469,46987,704,2024-01-28,Debit,Card,Bills,18674,1,0
1122,47,Male,Pune,Self-employed,1217192,176120,701,2024-01-28,Credit,UPI,Food,758,1,1
1064,29,Male,Hyderabad,Salaried,722458,14675,728,2024-05-10,Debit,NEFT,Travel,18434,0,1
1064,54,Male,Bangalore,Student,715450,105280,744,2024-01-17,Credit,ATM,Travel,2796,0,1
1011,39,Female,Pune,Self-employed,969923,104726,696,2024-04-18,Debit,UPI,Entertainment,5437,0,1
1091,25,Male,Mumbai,Student,1370697,236783,784,2024-05-29,Credit,UPI,Bills,11045,0,1
1183,49,Female,Mumbai,Salaried,1272902,75451,785,2024-06-17,Debit,UPI,Bills,8362,0,1
1274,53,Male,Hyderabad,Salaried,936487,93965,689,2024-01-30,Debit,UPI,Shopping,10668,0,1
1154,28,Female,Mumbai,Salaried,487303,182639,646,2024-01-20,Debit,Card,Travel,3812,1,1
1164,44,Male,Pune,Self-employed,1329630,193790,587,2024-01-31,Debit,NEFT,Food,9722,0,1
1256,53,Male,Hyderabad,Self-employed,965277,185668,630,2024-02-11,Credit,UPI,Travel,5141,1,1
1160,32,Female,Hyderabad,Student,677878,296127,664,2024-01-14,Credit,Card,Entertainment,6963,1,1
1061,51,Male,Bangalore,Student,499116,188807,584,2024-02-12,Debit,Card,Food,6439,0,1
1201,47,Female,Bangalore,Salaried,399833,63913,589,2024-03-30,Debit,NEFT,Food,19204,1,1
1090,26,Male,Pune,Student,1032382,27496,786,2024-03-07,Credit,NEFT,Food,14592,0,1
1143,25,Female,Hyderabad,Self-employed,871714,105049,692,2024-05-27,Credit,ATM,Shopping,13804,0,1
1150,32,Female,Bangalore,Salaried,924079,145005,800,2024-06-10,Debit,NEFT,Bills,897,0,1
1271,49,Female,Delhi,Salaried,974977,146140,599,2024-01-24,Debit,Card,Shopping,10615,0,1
1154,38,Male,Pune,Self-employed,1426734,146363,686,2024-02-14,Credit,NEFT,EMI,11460,0,1
1160,52,Female,Chennai,Salaried,860247,267708,686,2024-06-28,Credit,Card,Bills,4231,0,1
1073,48,Male,Mumbai,Student,821981,36077,605,2024-05-08,Debit,UPI,Entertainment,12999,0,1
1246,36,Female,Mumbai,Student,1181880,183736,729,2024-04-29,Debit,Card,Food,5917,0,1
1018,33,Male,Pune,Salaried,1244002,251632,601,2024-02-04,Debit,ATM,Food,14976,1,1
1067,32,Female,Chennai,Student,1396120,97297,741,2024-02-26,Credit,UPI,Shopping,18831,0,0
1221,32,Female,Mumbai,Salaried,406370,280774,648,2024-02-27,Credit,Card,Bills,13692,0,1
1060,23,Male,Chennai,Salaried,1221296,132790,586,2024-06-13,Credit,UPI,Bills,3684,0,1
1010,24,Male,Mumbai,Self-employed,1073281,148346,597,2024-05-11,Credit,NEFT,EMI,8475,1,1
1136,26,Female,Mumbai,Salaried,308565,241629,787,2024-05-23,Credit,ATM,Shopping,6325,0,1
1148,51,Male,Delhi,Self-employed,1059148,63983,791,2024-01-06,Credit,ATM,Bills,10160,1,1
1087,30,Female,Chennai,Salaried,573304,266527,600,2024-02-23,Debit,NEFT,Travel,4441,0,1
1047,45,Male,Pune,Self-employed,959823,195744,724,2024-06-16,Debit,UPI,Food,11518,1,1
1240,41,Female,Mumbai,Salaried,1087656,247618,657,2024-06-23,Debit,NEFT,EMI,13268,1,1
1072,26,Male,Chennai,Salaried,1423331,5611,731,2024-02-13,Credit,NEFT,Food,16937,0,0
1127,33,Female,Hyderabad,Salaried,1426242,77142,691,2024-01-14,Debit,UPI,EMI,1372,1,0
1225,36,Female,Chennai,Student,505060,205888,659,2024-03-27,Credit,NEFT,Food,8448,0,1
1299,46,Female,Pune,Self-employed,405456,150115,569,2024-04-13,Debit,UPI,Food,4357,1,0
1037,48,Male,Chennai,Student,320732,66564,743,2024-02-10,Debit,NEFT,Entertainment,6764,1,1
1224,51,Female,Pune,Student,1247054,243144,559,2024-04-23,Debit,Card,Bills,3339,0,1
1149,34,Male,Pune,Self-employed,1088554,7558,670,2024-06-16,Credit,ATM,Entertainment,13388,1,1
1107,31,Male,Mumbai,Salaried,993617,299287,742,2024-02-27,Credit,ATM,EMI,14381,0,1
1219,45,Female,Pune,Salaried,1467937,247342,577,2024-03-23,Debit,UPI,Food,3154,1,1
1017,40,Male,Chennai,Self-employed,1281725,178667,760,2024-02-08,Credit,UPI,Bills,9423,0,0
1255,48,Male,Mumbai,Salaried,1186427,160904,718,2024-02-10,Credit,UPI,EMI,4939,1,1
1271,27,Female,Chennai,Student,1364615,9609,752,2024-05-02,Credit,UPI,Entertainment,3121,0,0
1048,22,Male,Chennai,Student,1003419,168864,673,2024-02-24,Debit,UPI,Entertainment,19647,1,1
1190,21,Female,Hyderabad,Self-employed,1159647,36631,607,2024-03-11,Debit,UPI,Shopping,8513,0,1
1037,55,Female,Mumbai,Student,1451929,7383,667,2024-05-28,Debit,ATM,EMI,11724,0,0
1036,54,Female,Hyderabad,Student,1328159,281184,687,2024-05-30,Credit,ATM,Travel,5079,0,1
1226,26,Male,Delhi,Student,1226201,129548,556,2024-04-01,Credit,UPI,Food,14660,0,1
1216,50,Male,Mumbai,Student,711001,30708,582,2024-01-22,Debit,ATM,EMI,12965,0,0
1252,46,Male,Chennai,Salaried,1488290,156584,606,2024-03-18,Debit,NEFT,Shopping,4194,0,1
1064,48,Male,Mumbai,Self-employed,1247100,241606,755,2024-04-08,Debit,UPI,Food,18813,0,1
1206,24,Female,Hyderabad,Student,382506,32223,574,2024-01-15,Credit,UPI,Bills,359,0,1
1180,37,Female,Pune,Salaried,406763,217582,600,2024-02-23,Debit,ATM,EMI,15197,0,0
1207,52,Male,Chennai,Student,345259,61855,643,2024-01-04,Debit,UPI,Travel,1722,0,1
1230,24,Female,Pune,Student,1269644,286846,627,2024-06-14,Credit,UPI,Food,16922,0,1
1145,46,Female,Bangalore,Self-employed,1491804,59866,559,2024-04-11,Credit,NEFT,Shopping,1289,0,1
1252,28,Female,Pune,Student,478908,167532,794,2024-03-04,Debit,Card,Travel,10889,0,1
1028,42,Male,Delhi,Self-employed,365746,220227,629,2024-05-11,Debit,Card,Shopping,9902,1,1
1091,21,Female,Delhi,Self-employed,975209,9293,777,2024-06-27,Debit,NEFT,Entertainment,10741,0,1
1107,34,Male,Delhi,Self-employed,844502,51840,703,2024-04-29,Debit,NEFT,Shopping,6844,0,1
1109,41,Female,Bangalore,Student,1235836,90609,563,2024-02-01,Debit,UPI,Bills,18704,0,1
1192,34,Male,Hyderabad,Salaried,398510,195605,682,2024-06-23,Debit,ATM,Entertainment,18965,1,1
1036,51,Male,Mumbai,Self-employed,1417436,195368,551,2024-05-08,Debit,UPI,Travel,8344,0,0
1125,50,Female,Bangalore,Self-employed,1021282,126412,627,2024-05-14,Credit,NEFT,EMI,17826,0,1
1255,26,Male,Delhi,Student,323244,138146,604,2024-03-10,Credit,NEFT,EMI,2987,1,1
1229,22,Male,Chennai,Salaried,547782,90625,689,2024-05-10,Credit,NEFT,Entertainment,9077,0,0
1211,24,Male,Delhi,Self-employed,399265,147268,588,2024-04-16,Credit,NEFT,Travel,5782,0,1
1022,49,Female,Delhi,Salaried,422206,51984,576,2024-01-24,Debit,NEFT,Travel,4695,0,1
1041,47,Female,Pune,Student,311618,249742,757,2024-06-14,Debit,NEFT,EMI,17620,0,0
1089,46,Female,Pune,Salaried,849117,117616,552,2024-04-19,Credit,ATM,Food,9893,0,1
1201,54,Male,Hyderabad,Self-employed,301273,188374,746,2024-03-31,Credit,NEFT,Entertainment,5640,1,1
1210,36,Female,Pune,Salaried,528204,203091,769,2024-04-22,Credit,ATM,Food,8082,0,0
1218,27,Male,Chennai,Self-employed,1232934,188116,589,2024-04-11,Debit,Card,Travel,12858,0,1
1079,37,Male,Delhi,Salaried,1198242,177429,656,2024-03-22,Debit,Card,Food,3219,0,1
1263,21,Male,Chennai,Self-employed,670390,293811,629,2024-05-28,Credit,ATM,Travel,5858,0,1
1115,45,Female,Bangalore,Student,309801,128094,648,2024-05-12,Debit,UPI,Shopping,12458,1,0
1289,49,Female,Delhi,Student,1283607,149860,679,2024-04-29,Debit,Card,Travel,3515,0,1
1075,25,Female,Mumbai,Self-employed,609628,240657,659,2024-04-14,Credit,UPI,Travel,4717,1,1
1265,41,Female,Bangalore,Salaried,577090,112118,722,2024-01-04,Credit,Card,Shopping,11441,0,0
1154,22,Male,Mumbai,Salaried,1310094,173805,789,2024-06-12,Debit,UPI,EMI,8495,0,1
1179,44,Female,Pune,Student,416253,132228,612,2024-04-01,Debit,ATM,EMI,18550,0,0
1132,28,Male,Delhi,Salaried,750679,176506,686,2024-02-19,Credit,Card,Food,5514,0,1
1056,38,Female,Hyderabad,Student,1110245,165974,769,2024-05-10,Credit,UPI,Travel,2733,0,1
1244,24,Female,Bangalore,Student,1354261,53631,607,2024-01-23,Debit,ATM,EMI,7538,0,1
1156,49,Female,Chennai,Student,577829,27166,682,2024-01-13,Debit,ATM,Entertainment,15265,1,1
1079,36,Male,Hyderabad,Self-employed,571179,117626,613,2024-06-17,Credit,Card,Travel,9371,0,0
1008,48,Male,Pune,Student,787206,151142,589,2024-05-04,Credit,NEFT,Travel,13251,1,1
1167,45,Female,Hyderabad,Student,729874,273248,734,2024-05-26,Credit,Card,Travel,5751,1,1
1247,55,Male,Delhi,Student,1072276,46896,781,2024-04-10,Debit,UPI,EMI,1316,0,0
1141,22,Female,Pune,Salaried,1107973,179087,708,2024-06-13,Credit,ATM,Bills,12770,0,1
1159,34,Male,Mumbai,Salaried,1007772,51206,703,2024-02-21,Debit,NEFT,Bills,12755,0,1
1244,35,Female,Hyderabad,Self-employed,1273609,77474,772,2024-06-12,Debit,UPI,Entertainment,8945,0,1
1289,34,Female,Bangalore,Self-employed,945041,266749,683,2024-03-08,Credit,ATM,EMI,4347,0,0
1076,32,Male,Bangalore,Self-employed,1185537,222372,752,2024-06-25,Debit,UPI,EMI,12445,0,0
